host_id,timestamp,kpi_1
12_3,2018/12/17 10:15,0
12_3,2018/12/17 10:16,0.956605
12_3,2018/12/17 10:14,0
12_3,2018/12/17 10:18,2.878429
12_3,2018/12/17 10:17,1.913557
12_3,2018/12/17 10:19,0.956389
12_3,2018/12/17 10:21,0
12_3,2018/12/17 10:20,0
12_3,2018/12/17 10:22,0
12_3,2018/12/17 10:24,0
12_3,2018/12/17 10:23,0
12_3,2018/12/17 10:25,0
12_3,2018/12/17 10:26,0.915549
12_3,2018/12/17 10:27,0
12_3,2018/12/17 10:28,1.912953
12_3,2018/12/17 10:28,1.912953
12_3,2018/12/17 10:29,0.943495
12_3,2018/12/17 10:30,0
12_3,2018/12/17 10:33,0.956939
12_3,2018/12/17 10:32,0
12_3,2018/12/17 10:35,1.913691
12_3,2018/12/17 10:34,0.956804
12_3,2018/12/17 10:48,1.885125
12_3,2018/12/17 10:44,0.942831
12_3,2018/12/17 10:47,4.784264
12_3,2018/12/17 10:39,0.956832
12_3,2018/12/17 10:40,2.829201
12_3,2018/12/17 10:46,0
12_3,2018/12/17 10:41,0
12_3,2018/12/17 10:42,0.942805
12_3,2018/12/17 10:43,0.942764
12_3,2018/12/17 10:49,0.942832
12_3,2018/12/17 10:50,0
12_3,2018/12/17 10:45,0
12_3,2018/12/17 10:37,1.91379
12_3,2018/12/17 10:38,0.956986
12_3,2018/12/17 10:36,0.942657
12_3,2018/12/17 10:53,1.805505
12_3,2018/12/17 10:51,0.956597
12_3,2018/12/17 10:52,0.942641
12_3,2018/12/17 10:57,0.942689
12_3,2018/12/17 10:56,1.91479
12_3,2018/12/17 10:55,0.942654
12_3,2018/12/17 10:54,0.942642
12_3,2018/12/17 10:59,0.928956
12_3,2018/12/17 10:58,0.942761
12_3,2018/12/17 11:04,0.956493
12_3,2018/12/17 11:17,0
12_3,2018/12/17 11:10,2.870897
12_3,2018/12/17 11:09,0
12_3,2018/12/17 11:03,0.956523
12_3,2018/12/17 11:14,0.915795
12_3,2018/12/17 11:00,0.956577
12_3,2018/12/17 11:05,0
12_3,2018/12/17 11:06,0.956848
12_3,2018/12/17 11:01,0.956675
12_3,2018/12/17 11:02,3.769793
12_3,2018/12/17 11:13,0.95691
12_3,2018/12/17 11:12,0.95704
12_3,2018/12/17 11:12,0.95704
12_3,2018/12/17 11:17,0
12_3,2018/12/17 11:16,1.885587
12_3,2018/12/17 11:08,1.858459
12_3,2018/12/17 11:07,0
12_3,2018/12/17 11:18,0.942857
12_3,2018/12/17 11:19,0
12_3,2018/12/17 11:28,0
12_3,2018/12/17 11:25,0
12_3,2018/12/17 11:41,0.899304
12_3,2018/12/17 11:39,0
12_3,2018/12/17 11:32,0
12_3,2018/12/17 11:29,0.956707
12_3,2018/12/17 11:30,2.870496
12_3,2018/12/17 11:31,2.82962
12_3,2018/12/17 11:33,2.870342
12_3,2018/12/17 11:40,0
12_3,2018/12/17 11:23,0.956905
12_3,2018/12/17 11:20,1.884223
12_3,2018/12/17 11:22,0
12_3,2018/12/17 11:26,0
12_3,2018/12/17 11:24,0.929253
12_3,2018/12/17 11:27,0
12_3,2018/12/17 11:42,0
12_3,2018/12/17 11:35,0
12_3,2018/12/17 11:24,0.929253
12_3,2018/12/17 11:34,0.942883
12_3,2018/12/17 11:37,0
12_3,2018/12/17 11:38,0
12_3,2018/12/17 11:45,0.94269
12_3,2018/12/17 11:53,0
12_3,2018/12/17 11:55,0.942863
12_3,2018/12/17 11:48,0.956816
12_3,2018/12/17 11:54,0
12_3,2018/12/17 11:46,0.942339
12_3,2018/12/17 12:01,0
12_3,2018/12/17 11:57,0.942961
12_3,2018/12/17 12:00,0
12_3,2018/12/17 11:50,0
12_3,2018/12/17 11:51,0.956549
12_3,2018/12/17 11:49,0
12_3,2018/12/17 11:44,0.956685
12_3,2018/12/17 11:56,0.942705
12_3,2018/12/17 11:43,0
12_3,2018/12/17 11:47,0
12_3,2018/12/17 11:48,0.956816
12_3,2018/12/17 12:02,0
12_3,2018/12/17 11:52,0.942695
12_3,2018/12/17 11:59,0
12_3,2018/12/17 11:58,0
12_3,2018/12/17 12:08,0
12_3,2018/12/17 12:13,0
12_3,2018/12/17 12:20,0
12_3,2018/12/17 12:13,0
12_3,2018/12/17 12:18,0
12_3,2018/12/17 12:15,0
12_3,2018/12/17 12:16,0.9429
12_3,2018/12/17 12:15,0
12_3,2018/12/17 12:22,0
12_3,2018/12/17 12:19,0
12_3,2018/12/17 12:21,0
12_3,2018/12/17 12:17,0
12_3,2018/12/17 12:07,0
12_3,2018/12/17 12:09,0
12_3,2018/12/17 12:06,0
12_3,2018/12/17 12:11,0
12_3,2018/12/17 12:12,0
12_3,2018/12/17 12:10,0
12_3,2018/12/17 12:04,2.828006
12_3,2018/12/17 12:05,0
12_3,2018/12/17 12:03,0
12_3,2018/12/17 12:35,0
12_3,2018/12/17 12:29,0
12_3,2018/12/17 12:36,0.942564
12_3,2018/12/17 12:42,0
12_3,2018/12/17 12:38,0
12_3,2018/12/17 12:43,0
12_3,2018/12/17 12:31,0
12_3,2018/12/17 12:29,0
12_3,2018/12/17 12:34,0
12_3,2018/12/17 12:30,0
12_3,2018/12/17 12:33,0
12_3,2018/12/17 12:25,0
12_3,2018/12/17 12:37,0
12_3,2018/12/17 12:24,0
12_3,2018/12/17 12:32,0
12_3,2018/12/17 12:39,0
12_3,2018/12/17 12:26,1.913009
12_3,2018/12/17 12:27,0
12_3,2018/12/17 12:28,0
12_3,2018/12/17 12:40,0
12_3,2018/12/17 12:41,0
12_3,2018/12/17 12:23,0
12_3,2018/12/17 12:49,0
12_3,2018/12/17 13:03,0
12_3,2018/12/17 13:02,0
12_3,2018/12/17 12:47,0.956872
12_3,2018/12/17 12:48,0
12_3,2018/12/17 13:04,0
12_3,2018/12/17 12:55,0
12_3,2018/12/17 13:00,0
12_3,2018/12/17 12:53,0
12_3,2018/12/17 12:58,0
12_3,2018/12/17 13:01,0
12_3,2018/12/17 12:48,0
12_3,2018/12/17 12:51,0
12_3,2018/12/17 12:54,0
12_3,2018/12/17 12:52,0
12_3,2018/12/17 12:56,0
12_3,2018/12/17 12:59,0
12_3,2018/12/17 12:57,0
12_3,2018/12/17 12:45,0
12_3,2018/12/17 12:46,0
12_3,2018/12/17 13:06,0
12_3,2018/12/17 12:44,0
12_3,2018/12/17 13:05,0
12_3,2018/12/17 13:08,0
12_3,2018/12/17 13:10,0
12_3,2018/12/17 13:07,0
12_3,2018/12/17 13:11,0
12_3,2018/12/17 13:13,0
12_3,2018/12/17 13:18,0.956845
12_3,2018/12/17 13:15,0
12_3,2018/12/17 13:16,0
12_3,2018/12/17 13:09,0
12_3,2018/12/17 13:14,0
12_3,2018/12/17 13:17,0
12_3,2018/12/17 13:12,0
12_3,2018/12/17 13:20,0.956833
12_3,2018/12/17 13:22,0
12_3,2018/12/17 13:28,0
12_3,2018/12/17 13:29,0
12_3,2018/12/17 13:27,0.94299
12_3,2018/12/17 13:26,0
12_3,2018/12/17 13:21,0
12_3,2018/12/17 13:19,0
12_3,2018/12/17 13:25,0
12_3,2018/12/17 13:23,0
12_3,2018/12/17 13:24,0.956603
12_3,2018/12/17 13:40,0
12_3,2018/12/17 13:38,0.942885
12_3,2018/12/17 13:39,0
12_3,2018/12/17 13:37,1.913123
12_3,2018/12/17 13:47,1.913642
12_3,2018/12/17 13:46,0
12_3,2018/12/17 13:46,0
12_3,2018/12/17 13:30,0.956716
12_3,2018/12/17 13:33,0
12_3,2018/12/17 13:34,0
12_3,2018/12/17 13:31,0
12_3,2018/12/17 13:30,0.956716
12_3,2018/12/17 13:32,0
12_3,2018/12/17 13:42,0
12_3,2018/12/17 13:43,0
12_3,2018/12/17 13:41,0.942501
12_3,2018/12/17 13:45,0
12_3,2018/12/17 13:36,0
12_3,2018/12/17 13:35,0
12_3,2018/12/17 14:03,0
12_3,2018/12/17 14:02,0
12_3,2018/12/17 14:01,1.914091
12_3,2018/12/17 13:53,0
12_3,2018/12/17 13:54,0
12_3,2018/12/17 13:48,1.913559
12_3,2018/12/17 13:52,0
12_3,2018/12/17 13:55,0
12_3,2018/12/17 13:49,0
12_3,2018/12/17 13:55,0
12_3,2018/12/17 13:56,0
12_3,2018/12/17 13:50,1.913267
12_3,2018/12/17 14:06,2.870178
12_3,2018/12/17 13:58,0.9553
12_3,2018/12/17 14:07,0
12_3,2018/12/17 13:59,0
12_3,2018/12/17 13:57,0
12_3,2018/12/17 14:04,0
12_3,2018/12/17 14:01,1.914091
12_3,2018/12/17 14:17,0.957032
12_3,2018/12/17 14:11,0.956728
12_3,2018/12/17 14:12,0.942817
12_3,2018/12/17 14:17,0.957032
12_3,2018/12/17 14:12,0.942817
12_3,2018/12/17 14:24,0.956508
12_3,2018/12/17 14:20,0
12_3,2018/12/17 14:25,0
12_3,2018/12/17 14:09,0.943394
12_3,2018/12/17 14:19,0
12_3,2018/12/17 14:14,0.942745
12_3,2018/12/17 14:27,0
12_3,2018/12/17 14:13,2.786391
12_3,2018/12/17 14:26,0
12_3,2018/12/17 14:16,0
12_3,2018/12/17 14:28,1.88507
12_3,2018/12/17 14:22,0.956785
12_3,2018/12/17 14:23,0
12_3,2018/12/17 14:18,0
12_3,2018/12/17 14:10,0
12_3,2018/12/17 14:48,0
12_3,2018/12/17 14:47,0
12_3,2018/12/17 14:41,0
12_3,2018/12/17 14:33,1.909373
12_3,2018/12/17 14:44,0.941638
12_3,2018/12/17 14:35,0.956866
12_3,2018/12/17 14:42,0
12_3,2018/12/17 14:45,1.913212
12_3,2018/12/17 14:40,0
12_3,2018/12/17 14:43,0
12_3,2018/12/17 14:32,1.885298
12_3,2018/12/17 14:34,0.957111
12_3,2018/12/17 14:46,0.942777
12_3,2018/12/17 14:39,1.858202
12_3,2018/12/17 14:31,0.942633
12_3,2018/12/17 14:30,0
12_3,2018/12/17 14:38,2.869948
12_3,2018/12/17 14:37,0.942828
12_3,2018/12/17 14:29,1.913495
12_3,2018/12/17 14:35,0.956866
12_3,2018/12/17 15:02,0.942564
12_3,2018/12/17 14:49,0
12_3,2018/12/17 15:03,1.885215
12_3,2018/12/17 15:04,0
12_3,2018/12/17 15:00,0.956714
12_3,2018/12/17 14:53,0
12_3,2018/12/17 15:05,0
12_3,2018/12/17 14:50,0
12_3,2018/12/17 14:55,0
12_3,2018/12/17 14:57,0.941566
12_3,2018/12/17 15:00,0.956714
12_3,2018/12/17 14:52,0
12_3,2018/12/17 14:56,0.902773
12_3,2018/12/17 14:56,0.902773
12_3,2018/12/17 14:59,0.903036
12_3,2018/12/17 14:54,0.95654
12_3,2018/12/17 15:08,1.885142
12_3,2018/12/17 15:09,0.94299
12_3,2018/12/17 15:07,0.957164
12_3,2018/12/17 15:06,0
12_3,2018/12/17 15:15,0
12_3,2018/12/17 15:13,0.942768
12_3,2018/12/17 15:16,0
12_3,2018/12/17 15:22,0
12_3,2018/12/17 15:18,2.872358
12_3,2018/12/17 15:28,0.956758
12_3,2018/12/17 15:27,0.943247
12_3,2018/12/17 15:25,0
12_3,2018/12/17 15:29,1.912913
12_3,2018/12/17 15:17,1.88615
12_3,2018/12/17 15:26,0
12_3,2018/12/17 15:12,0
12_3,2018/12/17 15:24,0.897896
12_3,2018/12/17 15:21,0
12_3,2018/12/17 15:10,0.942848
12_3,2018/12/17 15:14,0
12_3,2018/12/17 15:19,0.942813
12_3,2018/12/17 15:23,0
12_3,2018/12/17 15:41,2.828453
12_3,2018/12/17 15:33,0.956674
12_3,2018/12/17 15:30,1.885414
12_3,2018/12/17 15:45,0
12_3,2018/12/17 15:36,0
12_3,2018/12/17 15:37,0
12_3,2018/12/17 15:48,0
12_3,2018/12/17 15:39,1.885232
12_3,2018/12/17 15:47,0
12_3,2018/12/17 15:40,2.827859
12_3,2018/12/17 15:46,0.956632
12_3,2018/12/17 15:38,0.957191
12_3,2018/12/17 15:31,0.928838
12_3,2018/12/17 15:43,0.942746
12_3,2018/12/17 15:44,0.956576
12_3,2018/12/17 15:42,0.942788
12_3,2018/12/17 15:34,0.942843
12_3,2018/12/17 15:35,0
12_3,2018/12/17 16:06,0
12_3,2018/12/17 16:04,0
12_3,2018/12/17 16:08,0.942643
12_3,2018/12/17 16:07,0
12_3,2018/12/17 15:51,0.942289
12_3,2018/12/17 16:01,0.942607
12_3,2018/12/17 15:49,0
12_3,2018/12/17 15:50,0
12_3,2018/12/17 16:03,0.9427
12_3,2018/12/17 16:05,0
12_3,2018/12/17 16:00,0
12_3,2018/12/17 16:02,0
12_3,2018/12/17 15:59,0
12_3,2018/12/17 15:58,0.931246
12_3,2018/12/17 15:53,0
12_3,2018/12/17 15:55,0
12_3,2018/12/17 15:56,0
12_3,2018/12/17 15:52,0
12_3,2018/12/17 15:57,1.884541
12_3,2018/12/17 15:54,0
12_3,2018/12/17 16:09,0.956773
12_3,2018/12/17 16:10,0
12_3,2018/12/17 16:14,2.747321
12_3,2018/12/17 16:22,1.883037
12_3,2018/12/17 16:26,0.94266
12_3,2018/12/17 16:20,0.942815
12_3,2018/12/17 16:19,0
12_3,2018/12/17 16:21,0
12_3,2018/12/17 16:16,0.956833
12_3,2018/12/17 16:15,0
12_3,2018/12/17 16:18,0
12_3,2018/12/17 16:25,0
12_3,2018/12/17 16:17,0
12_3,2018/12/17 16:12,0
12_3,2018/12/17 16:13,1.885484
12_3,2018/12/17 16:11,2.828266
12_3,2018/12/17 16:23,0
12_3,2018/12/17 16:24,1.88558
12_3,2018/12/17 16:32,2.827675
12_3,2018/12/17 16:31,1.885253
12_3,2018/12/17 16:34,0.942378
12_3,2018/12/17 16:29,0.956946
12_3,2018/12/17 16:30,0.942666
12_3,2018/12/17 16:36,0.956926
12_3,2018/12/17 16:39,0
12_3,2018/12/17 16:40,0.95681
12_3,2018/12/17 16:41,0
12_3,2018/12/17 16:38,0
12_3,2018/12/17 16:42,0.942553
12_3,2018/12/17 16:32,2.827675
12_3,2018/12/17 16:37,0.956815
12_3,2018/12/17 16:44,0.956533
12_3,2018/12/17 16:28,0
12_3,2018/12/17 16:27,0
12_3,2018/12/17 16:33,0.956653
12_3,2018/12/17 16:43,2.786956
12_3,2018/12/17 16:53,2.827375
12_3,2018/12/17 16:52,0
12_3,2018/12/17 16:54,0
12_3,2018/12/17 16:46,0
12_3,2018/12/17 16:51,0
12_3,2018/12/17 16:50,0
12_3,2018/12/17 16:48,0
12_3,2018/12/17 16:45,0
12_3,2018/12/17 16:47,1.885391
12_3,2018/12/17 16:49,0
12_3,2018/12/17 16:55,2.827998
12_3,2018/12/17 16:58,0
12_3,2018/12/17 17:02,0
12_3,2018/12/17 17:00,2.830814
12_3,2018/12/17 16:56,0
12_3,2018/12/17 17:01,0
12_3,2018/12/17 16:59,0
12_3,2018/12/17 16:57,0
12_3,2018/12/17 17:10,0
12_3,2018/12/17 17:11,0
12_3,2018/12/17 17:12,0
12_3,2018/12/17 17:14,0
12_3,2018/12/17 17:09,0
12_3,2018/12/17 17:08,0
12_3,2018/12/17 17:07,1.857712
12_3,2018/12/17 17:15,0
12_3,2018/12/17 17:13,0
12_3,2018/12/17 17:04,0.942709
12_3,2018/12/17 17:06,0.956765
12_3,2018/12/17 17:05,0
12_3,2018/12/17 17:03,2.828322
12_3,2018/12/17 17:30,0
12_3,2018/12/17 17:26,0
12_3,2018/12/17 17:29,0
12_3,2018/12/17 17:27,0
12_3,2018/12/17 17:33,0
12_3,2018/12/17 17:28,0
12_3,2018/12/17 17:31,0
12_3,2018/12/17 17:34,0
12_3,2018/12/17 17:36,0.956591
12_3,2018/12/17 17:35,0.956657
12_3,2018/12/17 17:20,0
12_3,2018/12/17 17:18,0.942819
12_3,2018/12/17 17:19,0
12_3,2018/12/17 17:24,0
12_3,2018/12/17 17:17,0.956705
12_3,2018/12/17 17:22,0
12_3,2018/12/17 17:21,0.956702
12_3,2018/12/17 17:25,0
12_3,2018/12/17 17:23,0
12_3,2018/12/17 17:16,0
12_3,2018/12/17 17:32,0.942552
12_3,2018/12/17 17:40,0
12_3,2018/12/17 17:42,0
12_3,2018/12/17 17:51,0
12_3,2018/12/17 17:49,0
12_3,2018/12/17 17:38,0
12_3,2018/12/17 17:39,0
12_3,2018/12/17 17:50,0
12_3,2018/12/17 17:53,0
12_3,2018/12/17 17:54,0
12_3,2018/12/17 17:45,0
12_3,2018/12/17 17:37,0
12_3,2018/12/17 17:44,0
12_3,2018/12/17 17:58,0
12_3,2018/12/17 17:56,0
12_3,2018/12/17 17:47,0
12_3,2018/12/17 17:55,0
12_3,2018/12/17 17:57,0
12_3,2018/12/17 17:52,0
12_3,2018/12/17 17:41,0
12_3,2018/12/17 17:48,0
12_3,2018/12/17 17:46,0
12_3,2018/12/17 17:43,0
12_3,2018/12/17 17:59,0
12_3,2018/12/17 18:13,0
12_3,2018/12/17 18:16,0
12_3,2018/12/17 18:14,0
12_3,2018/12/17 18:04,0
12_3,2018/12/17 18:15,0
12_3,2018/12/17 18:17,0
12_3,2018/12/17 18:02,0
12_3,2018/12/17 18:05,0
12_3,2018/12/17 18:02,0
12_3,2018/12/17 18:00,0
12_3,2018/12/17 18:03,0
12_3,2018/12/17 18:18,0
12_3,2018/12/17 18:01,0.902912
12_3,2018/12/17 18:11,0
12_3,2018/12/17 18:12,0.942431
12_3,2018/12/17 18:07,0
12_3,2018/12/17 18:08,0
12_3,2018/12/17 18:10,0.9568
12_3,2018/12/17 18:06,0
12_3,2018/12/17 18:09,0
12_3,2018/12/17 18:21,0
12_3,2018/12/17 18:19,0
12_3,2018/12/17 18:23,0
12_3,2018/12/17 18:36,0
12_3,2018/12/17 18:31,0
12_3,2018/12/17 18:41,0
12_3,2018/12/17 18:34,0
12_3,2018/12/17 18:35,0
12_3,2018/12/17 18:20,0
12_3,2018/12/17 18:22,0.929131
12_3,2018/12/17 18:32,0
12_3,2018/12/17 18:33,0
12_3,2018/12/17 18:37,0
12_3,2018/12/17 18:39,0
12_3,2018/12/17 18:30,0
12_3,2018/12/17 18:26,0
12_3,2018/12/17 18:38,0
12_3,2018/12/17 18:28,0
12_3,2018/12/17 18:40,0
12_3,2018/12/17 18:28,0
12_3,2018/12/17 18:24,0
12_3,2018/12/17 18:26,0
12_3,2018/12/17 18:29,0
12_3,2018/12/17 18:25,0
12_3,2018/12/17 18:47,0
12_3,2018/12/17 18:50,0
12_3,2018/12/17 19:00,0
12_3,2018/12/17 18:51,0
12_3,2018/12/17 18:53,0
12_3,2018/12/17 18:46,0
12_3,2018/12/17 18:49,0
12_3,2018/12/17 18:54,0
12_3,2018/12/17 19:01,0
12_3,2018/12/17 18:59,0
12_3,2018/12/17 19:02,0
12_3,2018/12/17 18:48,0
12_3,2018/12/17 19:03,0
12_3,2018/12/17 18:52,0
12_3,2018/12/17 19:04,0
12_3,2018/12/17 18:57,0
12_3,2018/12/17 18:58,0
12_3,2018/12/17 18:56,0
12_3,2018/12/17 18:55,0
12_3,2018/12/17 18:45,0
12_3,2018/12/17 18:43,0
12_3,2018/12/17 18:42,0
12_3,2018/12/17 18:43,0
12_3,2018/12/17 18:44,0
12_3,2018/12/17 19:12,0
12_3,2018/12/17 19:12,0
12_3,2018/12/17 19:10,0
12_3,2018/12/17 19:06,0
12_3,2018/12/17 19:08,0
12_3,2018/12/17 19:05,0
12_3,2018/12/17 19:07,0
12_3,2018/12/17 19:09,0
12_3,2018/12/17 19:17,0
12_3,2018/12/17 19:25,0
12_3,2018/12/17 19:26,0
12_3,2018/12/17 19:15,0
12_3,2018/12/17 19:16,0
12_3,2018/12/17 19:18,0
12_3,2018/12/17 19:27,0
12_3,2018/12/17 19:13,0
12_3,2018/12/17 19:24,0
12_3,2018/12/17 19:21,0.915071
12_3,2018/12/17 19:19,0
12_3,2018/12/17 19:22,0
12_3,2018/12/17 19:23,0
12_3,2018/12/17 19:20,0
12_3,2018/12/17 19:14,0
12_3,2018/12/17 19:47,0
12_3,2018/12/17 19:48,0
12_3,2018/12/17 19:45,0
12_3,2018/12/17 19:46,0
12_3,2018/12/17 19:49,0
12_3,2018/12/17 19:37,0
12_3,2018/12/17 19:28,0
12_3,2018/12/17 19:32,0
12_3,2018/12/17 19:42,0
12_3,2018/12/17 19:40,0
12_3,2018/12/17 19:44,0
12_3,2018/12/17 19:41,0
12_3,2018/12/17 19:43,0
12_3,2018/12/17 19:30,0
12_3,2018/12/17 19:34,0
12_3,2018/12/17 19:36,0
12_3,2018/12/17 19:31,0
12_3,2018/12/17 19:28,0
12_3,2018/12/17 19:33,0
12_3,2018/12/17 19:39,0
12_3,2018/12/17 19:39,0
12_3,2018/12/17 19:35,0
12_3,2018/12/17 19:29,0
12_3,2018/12/17 20:12,0
12_3,2018/12/17 19:52,0
12_3,2018/12/17 20:11,0
12_3,2018/12/17 20:10,0
12_3,2018/12/17 20:13,0
12_3,2018/12/17 19:55,0
12_3,2018/12/17 19:51,0
12_3,2018/12/17 19:50,0
12_3,2018/12/17 19:53,0
12_3,2018/12/17 19:54,0
12_3,2018/12/17 20:09,0
12_3,2018/12/17 20:04,0
12_3,2018/12/17 19:58,0
12_3,2018/12/17 20:06,0
12_3,2018/12/17 20:08,0
12_3,2018/12/17 20:07,0
12_3,2018/12/17 20:05,0
12_3,2018/12/17 19:56,0
12_3,2018/12/17 19:59,0
12_3,2018/12/17 20:03,0
12_3,2018/12/17 20:02,0
12_3,2018/12/17 20:00,0
12_3,2018/12/17 19:57,0
12_3,2018/12/17 20:01,0
12_3,2018/12/17 20:35,0
12_3,2018/12/17 20:20,0
12_3,2018/12/17 20:32,0
12_3,2018/12/17 20:30,0
12_3,2018/12/17 20:31,0
12_3,2018/12/17 20:28,0
12_3,2018/12/17 20:29,0
12_3,2018/12/17 20:33,0
12_3,2018/12/17 20:34,0
12_3,2018/12/17 20:15,0
12_3,2018/12/17 20:19,0
12_3,2018/12/17 20:16,0
12_3,2018/12/17 20:17,0
12_3,2018/12/17 20:18,0
12_3,2018/12/17 20:14,0
12_3,2018/12/17 20:24,0
12_3,2018/12/17 20:27,0
12_3,2018/12/17 20:22,0
12_3,2018/12/17 20:25,0
12_3,2018/12/17 20:31,0
12_3,2018/12/17 20:21,0
12_3,2018/12/17 20:26,0
12_3,2018/12/17 20:23,0
12_3,2018/12/17 20:53,0
12_3,2018/12/17 20:56,0
12_3,2018/12/17 20:54,0
12_3,2018/12/17 20:59,0
12_3,2018/12/17 20:52,0
12_3,2018/12/17 20:58,0
12_3,2018/12/17 21:00,0.94303
12_3,2018/12/17 20:55,0
12_3,2018/12/17 20:57,0
12_3,2018/12/17 20:45,0
12_3,2018/12/17 20:46,0
12_3,2018/12/17 20:49,0
12_3,2018/12/17 20:47,0
12_3,2018/12/17 20:43,0
12_3,2018/12/17 20:44,0
12_3,2018/12/17 20:50,0
12_3,2018/12/17 20:48,0
12_3,2018/12/17 20:51,0
12_3,2018/12/17 20:38,0
12_3,2018/12/17 20:39,0
12_3,2018/12/17 20:37,0
12_3,2018/12/17 20:36,0
12_3,2018/12/17 20:42,0
12_3,2018/12/17 20:40,0
12_3,2018/12/17 21:13,0
12_3,2018/12/17 21:18,0
12_3,2018/12/17 21:14,0
12_3,2018/12/17 21:19,0
12_3,2018/12/17 21:12,0
12_3,2018/12/17 21:17,0
12_3,2018/12/17 21:22,0
12_3,2018/12/17 21:15,0
12_3,2018/12/17 21:16,0
12_3,2018/12/17 21:06,0
12_3,2018/12/17 21:03,0
12_3,2018/12/17 21:07,0
12_3,2018/12/17 21:05,0
12_3,2018/12/17 21:01,0
12_3,2018/12/17 21:10,0
12_3,2018/12/17 21:08,0
12_3,2018/12/17 21:20,0
12_3,2018/12/17 21:09,0
12_3,2018/12/17 21:21,0
12_3,2018/12/17 21:04,0
12_3,2018/12/17 21:02,0
12_3,2018/12/17 21:24,0
12_3,2018/12/17 21:23,0
12_3,2018/12/17 21:31,0
12_3,2018/12/17 21:28,0
12_3,2018/12/17 21:42,0
12_3,2018/12/17 21:46,0
12_3,2018/12/17 21:44,0
12_3,2018/12/17 21:43,0
12_3,2018/12/17 21:27,0
12_3,2018/12/17 21:45,0
12_3,2018/12/17 21:47,0
12_3,2018/12/17 21:48,0
12_3,2018/12/17 21:35,0
12_3,2018/12/17 21:41,0
12_3,2018/12/17 21:30,0
12_3,2018/12/17 21:39,0
12_3,2018/12/17 21:40,0
12_3,2018/12/17 21:38,0
12_3,2018/12/17 21:30,0
12_3,2018/12/17 21:36,0
12_3,2018/12/17 21:25,0
12_3,2018/12/17 21:33,0
12_3,2018/12/17 21:37,0
12_3,2018/12/17 21:26,0
12_3,2018/12/17 21:34,0
12_3,2018/12/17 21:32,0
12_3,2018/12/17 21:51,0
12_3,2018/12/17 22:05,0
12_3,2018/12/17 22:11,0
12_3,2018/12/17 21:50,0
12_3,2018/12/17 21:58,0
12_3,2018/12/17 22:12,0
12_3,2018/12/17 22:09,0
12_3,2018/12/17 22:10,0.956814
12_3,2018/12/17 22:06,0
12_3,2018/12/17 21:57,0
12_3,2018/12/17 22:08,0
12_3,2018/12/17 21:49,0
12_3,2018/12/17 21:59,0
12_3,2018/12/17 22:00,0
12_3,2018/12/17 22:03,0
12_3,2018/12/17 22:02,0
12_3,2018/12/17 22:04,0
12_3,2018/12/17 22:01,0
12_3,2018/12/17 21:53,0
12_3,2018/12/17 21:56,0
12_3,2018/12/17 21:52,0
12_3,2018/12/17 21:54,0
12_3,2018/12/17 21:55,0
12_3,2018/12/17 22:29,0
12_3,2018/12/17 22:13,0
12_3,2018/12/17 22:16,0
12_3,2018/12/17 22:27,0
12_3,2018/12/17 22:32,0
12_3,2018/12/17 22:28,0
12_3,2018/12/17 22:14,0
12_3,2018/12/17 22:31,0
12_3,2018/12/17 22:24,0
12_3,2018/12/17 22:19,0
12_3,2018/12/17 22:17,0
12_3,2018/12/17 22:26,0
12_3,2018/12/17 22:18,0
12_3,2018/12/17 22:23,0
12_3,2018/12/17 22:30,0
12_3,2018/12/17 22:21,0
12_3,2018/12/17 22:20,0
12_3,2018/12/17 22:22,0
12_3,2018/12/17 22:46,0
12_3,2018/12/17 22:45,0
12_3,2018/12/17 22:49,0
12_3,2018/12/17 22:50,0
12_3,2018/12/17 22:47,0
12_3,2018/12/17 22:44,0
12_3,2018/12/17 22:55,0
12_3,2018/12/17 22:37,0
12_3,2018/12/17 22:53,0
12_3,2018/12/17 22:54,0
12_3,2018/12/17 22:52,0
12_3,2018/12/17 22:35,0
12_3,2018/12/17 22:48,0
12_3,2018/12/17 22:33,0
12_3,2018/12/17 22:43,0
12_3,2018/12/17 22:39,0
12_3,2018/12/17 22:51,0
12_3,2018/12/17 22:41,0
12_3,2018/12/17 22:38,0
12_3,2018/12/17 22:40,0
12_3,2018/12/17 22:42,0
12_3,2018/12/17 22:34,0
12_3,2018/12/17 22:34,0
12_3,2018/12/17 23:15,0
12_3,2018/12/17 23:16,0
12_3,2018/12/17 23:18,0
12_3,2018/12/17 22:58,0
12_3,2018/12/17 23:17,0
12_3,2018/12/17 23:11,0
12_3,2018/12/17 23:06,0
12_3,2018/12/17 23:10,0
12_3,2018/12/17 23:07,0
12_3,2018/12/17 23:05,0
12_3,2018/12/17 22:56,0
12_3,2018/12/17 22:57,0
12_3,2018/12/17 23:14,0
12_3,2018/12/17 23:13,0
12_3,2018/12/17 23:04,0
12_3,2018/12/17 23:12,0
12_3,2018/12/17 23:08,0
12_3,2018/12/17 23:09,0
12_3,2018/12/17 23:00,0
12_3,2018/12/17 23:01,0
12_3,2018/12/17 23:03,0
12_3,2018/12/17 23:02,0
12_3,2018/12/17 22:59,0
12_3,2018/12/17 23:34,0
12_3,2018/12/17 23:35,0
12_3,2018/12/17 23:32,0
12_3,2018/12/17 23:25,0
12_3,2018/12/17 23:33,0
12_3,2018/12/17 23:37,0
12_3,2018/12/17 23:29,0
12_3,2018/12/17 23:19,0
12_3,2018/12/17 23:22,0
12_3,2018/12/17 23:31,0
12_3,2018/12/17 23:24,0
12_3,2018/12/17 23:28,0
12_3,2018/12/17 23:23,0
12_3,2018/12/17 23:27,0
12_3,2018/12/17 23:21,0
12_3,2018/12/17 23:38,0
12_3,2018/12/17 23:39,0
12_3,2018/12/17 23:40,0
12_3,2018/12/17 23:41,0
12_3,2018/12/17 23:42,0
12_3,2018/12/17 23:26,0
12_3,2018/12/17 23:30,0
12_3,2018/12/17 23:57,0
12_3,2018/12/17 23:45,0
12_3,2018/12/17 23:51,0
12_3,2018/12/17 23:43,0
12_3,2018/12/17 23:58,0
12_3,2018/12/17 23:54,0
12_3,2018/12/17 23:44,0
12_3,2018/12/17 23:46,0
12_3,2018/12/17 23:59,0
12_3,2018/12/17 23:52,0
12_3,2018/12/17 23:56,0
12_3,2018/12/17 23:53,0
12_3,2018/12/17 23:50,0
12_3,2018/12/17 23:48,0
12_3,2018/12/17 23:47,0
12_3,2018/12/17 23:55,0
12_3,2018/12/18 0:00,0
12_3,2018/12/18 0:01,0
12_3,2018/12/18 0:02,0
12_3,2018/12/18 0:03,0
12_3,2018/12/18 0:04,0
12_3,2018/12/18 0:07,0
12_3,2018/12/18 0:06,0
12_3,2018/12/18 0:08,0
12_3,2018/12/18 0:10,0
12_3,2018/12/18 0:09,0
12_3,2018/12/18 0:12,0
12_3,2018/12/18 0:13,0
12_3,2018/12/18 0:15,0
12_3,2018/12/18 0:14,0
12_3,2018/12/18 0:16,0
12_3,2018/12/18 0:17,0
12_3,2018/12/18 0:19,0
12_3,2018/12/18 0:18,0
12_3,2018/12/18 0:20,0
12_3,2018/12/18 0:21,0
12_3,2018/12/18 0:23,0
12_3,2018/12/18 0:22,0
12_3,2018/12/18 0:24,0
12_3,2018/12/18 0:30,0
12_3,2018/12/18 0:39,0
12_3,2018/12/18 0:33,0
12_3,2018/12/18 0:31,0
12_3,2018/12/18 0:33,0
12_3,2018/12/18 0:45,0
12_3,2018/12/18 0:34,0
12_3,2018/12/18 0:28,0
12_3,2018/12/18 0:29,0
12_3,2018/12/18 0:36,0
12_3,2018/12/18 0:42,0
12_3,2018/12/18 0:40,0
12_3,2018/12/18 0:41,0
12_3,2018/12/18 0:43,0
12_3,2018/12/18 0:44,0
12_3,2018/12/18 0:47,0
12_3,2018/12/18 0:49,0
12_3,2018/12/18 0:38,0
12_3,2018/12/18 0:37,0
12_3,2018/12/18 0:27,0
12_3,2018/12/18 0:25,0
12_3,2018/12/18 0:46,0
12_3,2018/12/18 0:30,0
12_3,2018/12/18 1:01,0
12_3,2018/12/18 0:58,0
12_3,2018/12/18 0:50,0
12_3,2018/12/18 0:55,0
12_3,2018/12/18 1:09,0
12_3,2018/12/18 1:08,0
12_3,2018/12/18 0:56,0
12_3,2018/12/18 1:02,0
12_3,2018/12/18 1:03,0
12_3,2018/12/18 1:07,0
12_3,2018/12/18 1:11,0
12_3,2018/12/18 1:10,0
12_3,2018/12/18 1:00,0
12_3,2018/12/18 0:51,0
12_3,2018/12/18 0:59,0
12_3,2018/12/18 0:57,0
12_3,2018/12/18 0:53,0
12_3,2018/12/18 0:52,0
12_3,2018/12/18 1:04,0
12_3,2018/12/18 0:54,0
12_3,2018/12/18 1:06,0
12_3,2018/12/18 1:18,0
12_3,2018/12/18 1:23,0
12_3,2018/12/18 1:33,0
12_3,2018/12/18 1:32,0
12_3,2018/12/18 1:21,0
12_3,2018/12/18 1:20,0
12_3,2018/12/18 1:24,0
12_3,2018/12/18 1:35,0
12_3,2018/12/18 1:22,0
12_3,2018/12/18 1:13,0
12_3,2018/12/18 1:26,0
12_3,2018/12/18 1:30,0
12_3,2018/12/18 1:36,0
12_3,2018/12/18 1:27,0
12_3,2018/12/18 1:16,0
12_3,2018/12/18 1:19,0
12_3,2018/12/18 1:16,0
12_3,2018/12/18 1:31,0
12_3,2018/12/18 1:12,0
12_3,2018/12/18 1:26,0
12_3,2018/12/18 1:29,0
12_3,2018/12/18 1:34,0
12_3,2018/12/18 1:15,0
12_3,2018/12/18 1:37,0
12_3,2018/12/18 1:42,0
12_3,2018/12/18 1:46,0
12_3,2018/12/18 1:41,0
12_3,2018/12/18 1:48,0
12_3,2018/12/18 1:55,0
12_3,2018/12/18 1:47,0
12_3,2018/12/18 1:58,0
12_3,2018/12/18 1:49,0
12_3,2018/12/18 1:54,0
12_3,2018/12/18 1:51,0
12_3,2018/12/18 1:57,0
12_3,2018/12/18 2:00,0
12_3,2018/12/18 1:43,0
12_3,2018/12/18 1:45,0
12_3,2018/12/18 1:44,0
12_3,2018/12/18 1:59,0
12_3,2018/12/18 1:39,0
12_3,2018/12/18 1:38,0
12_3,2018/12/18 1:53,0
12_3,2018/12/18 1:52,0
12_3,2018/12/18 1:50,0
12_3,2018/12/18 2:05,0
12_3,2018/12/18 2:20,0
12_3,2018/12/18 2:07,0
12_3,2018/12/18 2:08,0
12_3,2018/12/18 2:06,0
12_3,2018/12/18 2:18,0
12_3,2018/12/18 2:10,0
12_3,2018/12/18 2:01,0
12_3,2018/12/18 2:12,0
12_3,2018/12/18 2:13,0
12_3,2018/12/18 2:11,0
12_3,2018/12/18 2:03,0
12_3,2018/12/18 2:02,0
12_3,2018/12/18 2:19,0
12_3,2018/12/18 2:14,0
12_3,2018/12/18 2:15,0
12_3,2018/12/18 2:16,0
12_3,2018/12/18 2:22,0
12_3,2018/12/18 2:21,0
12_3,2018/12/18 2:04,0
12_3,2018/12/18 2:17,0
12_3,2018/12/18 2:32,0
12_3,2018/12/18 2:31,0
12_3,2018/12/18 2:28,0
12_3,2018/12/18 2:45,0
12_3,2018/12/18 2:41,0
12_3,2018/12/18 2:42,0
12_3,2018/12/18 2:38,0
12_3,2018/12/18 2:33,0
12_3,2018/12/18 2:43,0
12_3,2018/12/18 2:47,0
12_3,2018/12/18 2:46,0
12_3,2018/12/18 2:37,0
12_3,2018/12/18 2:25,0
12_3,2018/12/18 2:23,0
12_3,2018/12/18 2:25,0
12_3,2018/12/18 2:34,0
12_3,2018/12/18 2:36,0
12_3,2018/12/18 2:35,0
12_3,2018/12/18 2:27,0
12_3,2018/12/18 2:39,0
12_3,2018/12/18 2:29,0
12_3,2018/12/18 2:30,0
12_3,2018/12/18 2:44,0
12_3,2018/12/18 2:50,0
12_3,2018/12/18 3:02,0
12_3,2018/12/18 3:03,0
12_3,2018/12/18 3:08,0
12_3,2018/12/18 3:09,0
12_3,2018/12/18 2:57,0
12_3,2018/12/18 2:52,0
12_3,2018/12/18 3:07,0
12_3,2018/12/18 2:59,0
12_3,2018/12/18 3:05,0
12_3,2018/12/18 3:01,0
12_3,2018/12/18 3:04,0
12_3,2018/12/18 2:59,0
12_3,2018/12/18 3:00,0
12_3,2018/12/18 2:58,0
12_3,2018/12/18 2:48,0
12_3,2018/12/18 2:49,0
12_3,2018/12/18 2:56,0
12_3,2018/12/18 2:47,0
12_3,2018/12/18 2:53,0
12_3,2018/12/18 2:54,0
12_3,2018/12/18 2:55,0
12_3,2018/12/18 3:18,0
12_3,2018/12/18 3:16,0
12_3,2018/12/18 3:10,0
12_3,2018/12/18 3:14,0
12_3,2018/12/18 3:12,0
12_3,2018/12/18 3:17,0
12_3,2018/12/18 3:15,0
12_3,2018/12/18 3:13,0
12_3,2018/12/18 3:29,0
12_3,2018/12/18 3:24,0
12_3,2018/12/18 3:19,0
12_3,2018/12/18 3:25,0
12_3,2018/12/18 3:30,0
12_3,2018/12/18 3:20,0
12_3,2018/12/18 3:27,0
12_3,2018/12/18 3:28,0
12_3,2018/12/18 3:22,0
12_3,2018/12/18 3:11,0
12_3,2018/12/18 3:23,0
12_3,2018/12/18 3:26,0
12_3,2018/12/18 3:31,0
12_3,2018/12/18 3:33,0
12_3,2018/12/18 3:34,0
12_3,2018/12/18 3:32,0
12_3,2018/12/18 3:42,0
12_3,2018/12/18 3:36,0
12_3,2018/12/18 3:47,0
12_3,2018/12/18 3:49,0
12_3,2018/12/18 3:39,0
12_3,2018/12/18 3:51,0
12_3,2018/12/18 3:52,0
12_3,2018/12/18 3:48,0
12_3,2018/12/18 3:40,0
12_3,2018/12/18 3:53,0
12_3,2018/12/18 3:55,0
12_3,2018/12/18 3:54,0
12_3,2018/12/18 3:56,0
12_3,2018/12/18 3:50,0
12_3,2018/12/18 3:57,0
12_3,2018/12/18 3:45,0
12_3,2018/12/18 3:43,0
12_3,2018/12/18 3:44,0
12_3,2018/12/18 3:46,0
12_3,2018/12/18 3:35,0
12_3,2018/12/18 3:41,0
12_3,2018/12/18 3:37,0
12_3,2018/12/18 4:07,0
12_3,2018/12/18 4:13,0
12_3,2018/12/18 4:14,0
12_3,2018/12/18 4:15,0
12_3,2018/12/18 4:06,0
12_3,2018/12/18 4:16,0
12_3,2018/12/18 4:20,0
12_3,2018/12/18 4:19,0
12_3,2018/12/18 4:11,0
12_3,2018/12/18 4:18,0
12_3,2018/12/18 4:10,0
12_3,2018/12/18 4:17,0
12_3,2018/12/18 4:03,0
12_3,2018/12/18 3:59,0
12_3,2018/12/18 3:58,0
12_3,2018/12/18 4:02,0
12_3,2018/12/18 4:04,0
12_3,2018/12/18 4:00,0
12_3,2018/12/18 4:05,0
12_3,2018/12/18 4:01,0
12_3,2018/12/18 4:09,0
12_3,2018/12/18 4:12,0
12_3,2018/12/18 4:08,0
12_3,2018/12/18 4:42,0
12_3,2018/12/18 4:32,0
12_3,2018/12/18 4:39,0
12_3,2018/12/18 4:41,0
12_3,2018/12/18 4:27,0
12_3,2018/12/18 4:38,0
12_3,2018/12/18 4:40,0
12_3,2018/12/18 4:37,0
12_3,2018/12/18 4:30,0
12_3,2018/12/18 4:31,0
12_3,2018/12/18 4:34,0
12_3,2018/12/18 4:29,0
12_3,2018/12/18 4:25,0
12_3,2018/12/18 4:24,0
12_3,2018/12/18 4:36,0
12_3,2018/12/18 4:26,0
12_3,2018/12/18 4:33,0
12_3,2018/12/18 4:35,0
12_3,2018/12/18 4:23,0
12_3,2018/12/18 4:28,0
12_3,2018/12/18 4:21,0
12_3,2018/12/18 4:22,0
12_3,2018/12/18 5:02,0
12_3,2018/12/18 4:58,0
12_3,2018/12/18 4:53,0
12_3,2018/12/18 4:57,0
12_3,2018/12/18 5:01,0
12_3,2018/12/18 4:45,0
12_3,2018/12/18 5:05,0
12_3,2018/12/18 5:06,0
12_3,2018/12/18 4:54,0
12_3,2018/12/18 5:03,0
12_3,2018/12/18 4:43,0
12_3,2018/12/18 5:04,0
12_3,2018/12/18 4:44,0
12_3,2018/12/18 4:51,0
12_3,2018/12/18 5:00,0
12_3,2018/12/18 4:48,0
12_3,2018/12/18 4:49,0
12_3,2018/12/18 4:52,0
12_3,2018/12/18 4:55,0
12_3,2018/12/18 4:47,0
12_3,2018/12/18 4:50,0
12_3,2018/12/18 4:57,0
12_3,2018/12/18 4:46,0
12_3,2018/12/18 5:21,0
12_3,2018/12/18 5:17,0
12_3,2018/12/18 5:14,0
12_3,2018/12/18 5:19,0
12_3,2018/12/18 5:22,0
12_3,2018/12/18 5:15,0
12_3,2018/12/18 5:20,0
12_3,2018/12/18 5:23,0
12_3,2018/12/18 5:13,0
12_3,2018/12/18 5:16,0
12_3,2018/12/18 5:25,0
12_3,2018/12/18 5:18,0
12_3,2018/12/18 5:24,0
12_3,2018/12/18 5:28,0
12_3,2018/12/18 5:27,0
12_3,2018/12/18 5:26,0
12_3,2018/12/18 5:12,0
12_3,2018/12/18 5:10,0
12_3,2018/12/18 5:08,0
12_3,2018/12/18 5:11,0
12_3,2018/12/18 5:09,0
12_3,2018/12/18 5:07,0
12_3,2018/12/18 5:47,0
12_3,2018/12/18 5:49,0
12_3,2018/12/18 5:51,0
12_3,2018/12/18 5:50,0
12_3,2018/12/18 5:46,0
12_3,2018/12/18 5:44,0
12_3,2018/12/18 5:48,0
12_3,2018/12/18 5:45,0
12_3,2018/12/18 5:32,0
12_3,2018/12/18 5:31,0
12_3,2018/12/18 5:29,0
12_3,2018/12/18 5:30,0
12_3,2018/12/18 5:39,0
12_3,2018/12/18 5:38,0
12_3,2018/12/18 5:42,0
12_3,2018/12/18 5:40,0
12_3,2018/12/18 5:41,0
12_3,2018/12/18 5:33,0
12_3,2018/12/18 5:35,0
12_3,2018/12/18 5:43,0
12_3,2018/12/18 5:37,0
12_3,2018/12/18 5:34,0
12_3,2018/12/18 5:34,0
12_3,2018/12/18 6:01,0
12_3,2018/12/18 6:00,0
12_3,2018/12/18 6:05,0
12_3,2018/12/18 5:53,0
12_3,2018/12/18 6:02,0
12_3,2018/12/18 5:54,0
12_3,2018/12/18 6:10,0
12_3,2018/12/18 6:09,0
12_3,2018/12/18 6:08,0
12_3,2018/12/18 6:09,0
12_3,2018/12/18 6:03,0
12_3,2018/12/18 5:57,0
12_3,2018/12/18 6:12,0
12_3,2018/12/18 6:13,0
12_3,2018/12/18 6:11,0
12_3,2018/12/18 5:56,0
12_3,2018/12/18 6:04,0
12_3,2018/12/18 6:07,0
12_3,2018/12/18 5:55,0
12_3,2018/12/18 5:58,0
12_3,2018/12/18 5:59,0
12_3,2018/12/18 5:52,0
12_3,2018/12/18 6:16,0
12_3,2018/12/18 6:18,0
12_3,2018/12/18 6:15,0
12_3,2018/12/18 6:14,0
12_3,2018/12/18 6:17,0
12_3,2018/12/18 6:23,0
12_3,2018/12/18 6:22,0
12_3,2018/12/18 6:27,0
12_3,2018/12/18 6:25,0
12_3,2018/12/18 6:19,0
12_3,2018/12/18 6:29,0
12_3,2018/12/18 6:20,0
12_3,2018/12/18 6:30,0
12_3,2018/12/18 6:24,0
12_3,2018/12/18 6:32,0
12_3,2018/12/18 6:33,0
12_3,2018/12/18 6:32,0
12_3,2018/12/18 6:35,0
12_3,2018/12/18 6:36,0
12_3,2018/12/18 6:31,0
12_3,2018/12/18 6:34,0
12_3,2018/12/18 6:22,0
12_3,2018/12/18 6:26,0
12_3,2018/12/18 6:50,0
12_3,2018/12/18 6:54,0
12_3,2018/12/18 6:55,0
12_3,2018/12/18 6:57,0
12_3,2018/12/18 6:56,0
12_3,2018/12/18 6:53,0
12_3,2018/12/18 6:58,0
12_3,2018/12/18 6:37,0
12_3,2018/12/18 6:41,0
12_3,2018/12/18 6:51,0
12_3,2018/12/18 6:52,0
12_3,2018/12/18 6:42,0
12_3,2018/12/18 6:49,0
12_3,2018/12/18 6:48,0
12_3,2018/12/18 6:40,0
12_3,2018/12/18 6:44,0
12_3,2018/12/18 6:38,0
12_3,2018/12/18 6:43,0
12_3,2018/12/18 6:39,0
12_3,2018/12/18 6:46,0
12_3,2018/12/18 6:45,0
12_3,2018/12/18 6:47,0
12_3,2018/12/18 7:12,0
12_3,2018/12/18 7:16,0
12_3,2018/12/18 7:14,0
12_3,2018/12/18 7:15,0
12_3,2018/12/18 7:09,0
12_3,2018/12/18 7:20,0
12_3,2018/12/18 7:10,0
12_3,2018/12/18 7:21,0
12_3,2018/12/18 7:19,0
12_3,2018/12/18 7:17,0
12_3,2018/12/18 7:17,0
12_3,2018/12/18 7:02,0
12_3,2018/12/18 7:03,0
12_3,2018/12/18 7:05,0
12_3,2018/12/18 7:07,0
12_3,2018/12/18 6:59,0
12_3,2018/12/18 7:01,0
12_3,2018/12/18 7:06,0
12_3,2018/12/18 7:08,0
12_3,2018/12/18 7:11,0
12_3,2018/12/18 7:04,0
12_3,2018/12/18 7:00,0
12_3,2018/12/18 7:24,0
12_3,2018/12/18 7:22,0
12_3,2018/12/18 7:25,0
12_3,2018/12/18 7:35,0
12_3,2018/12/18 7:23,0
12_3,2018/12/18 7:40,0
12_3,2018/12/18 7:44,0
12_3,2018/12/18 7:29,0
12_3,2018/12/18 7:30,0
12_3,2018/12/18 7:38,0
12_3,2018/12/18 7:39,0
12_3,2018/12/18 7:41,0
12_3,2018/12/18 7:31,0
12_3,2018/12/18 7:26,0
12_3,2018/12/18 7:36,0
12_3,2018/12/18 7:43,0
12_3,2018/12/18 7:37,0
12_3,2018/12/18 7:42,0
12_3,2018/12/18 7:32,0
12_3,2018/12/18 7:33,0
12_3,2018/12/18 7:27,0
12_3,2018/12/18 7:28,0
12_3,2018/12/18 7:34,0
12_3,2018/12/18 7:56,0
12_3,2018/12/18 7:51,0
12_3,2018/12/18 7:58,0
12_3,2018/12/18 7:57,0
12_3,2018/12/18 7:55,0
12_3,2018/12/18 8:00,0
12_3,2018/12/18 7:54,0
12_3,2018/12/18 7:53,0
12_3,2018/12/18 8:01,0
12_3,2018/12/18 8:05,0
12_3,2018/12/18 8:02,0
12_3,2018/12/18 8:06,0
12_3,2018/12/18 8:03,0
12_3,2018/12/18 8:03,0
12_3,2018/12/18 7:59,0
12_3,2018/12/18 7:52,0
12_3,2018/12/18 7:45,0
12_3,2018/12/18 7:47,0
12_3,2018/12/18 7:48,0
12_3,2018/12/18 7:50,0
12_3,2018/12/18 7:49,0
12_3,2018/12/18 7:46,0
12_3,2018/12/18 8:23,0
12_3,2018/12/18 8:13,0
12_3,2018/12/18 8:16,0
12_3,2018/12/18 8:09,0
12_3,2018/12/18 8:21,0
12_3,2018/12/18 8:12,0
12_3,2018/12/18 8:11,0.943059
12_3,2018/12/18 8:25,0
12_3,2018/12/18 8:26,0
12_3,2018/12/18 8:17,0
12_3,2018/12/18 8:19,0
12_3,2018/12/18 8:07,0
12_3,2018/12/18 8:10,0
12_3,2018/12/18 8:28,0
12_3,2018/12/18 8:27,0
12_3,2018/12/18 8:08,0
12_3,2018/12/18 8:24,0
12_3,2018/12/18 8:20,0
12_3,2018/12/18 8:22,0
12_3,2018/12/18 8:14,0
12_3,2018/12/18 8:18,0
12_3,2018/12/18 8:15,0
12_3,2018/12/18 8:34,0
12_3,2018/12/18 8:29,0
12_3,2018/12/18 8:43,0
12_3,2018/12/18 8:41,0
12_3,2018/12/18 8:38,0
12_3,2018/12/18 8:42,0
12_3,2018/12/18 8:45,0
12_3,2018/12/18 8:44,0.928953
12_3,2018/12/18 8:39,0
12_3,2018/12/18 8:40,0
12_3,2018/12/18 8:46,0
12_3,2018/12/18 8:37,0
12_3,2018/12/18 8:36,0
12_3,2018/12/18 8:33,0
12_3,2018/12/18 8:31,0
12_3,2018/12/18 8:32,0
12_3,2018/12/18 8:35,0
12_3,2018/12/18 8:30,0
12_3,2018/12/18 8:50,0
12_3,2018/12/18 8:58,0
12_3,2018/12/18 9:03,0
12_3,2018/12/18 9:01,0
12_3,2018/12/18 8:48,0
12_3,2018/12/18 8:49,0
12_3,2018/12/18 8:59,1.885009
12_3,2018/12/18 9:00,0
12_3,2018/12/18 8:47,0
12_3,2018/12/18 8:52,0
12_3,2018/12/18 8:57,0
12_3,2018/12/18 8:54,1.885394
12_3,2018/12/18 8:53,0
12_3,2018/12/18 8:55,0
12_3,2018/12/18 8:56,0
12_3,2018/12/18 9:02,0
12_3,2018/12/18 9:12,0
12_3,2018/12/18 9:07,0
12_3,2018/12/18 9:10,0.956701
12_3,2018/12/18 9:05,0.941935
12_3,2018/12/18 9:14,0
12_3,2018/12/18 9:06,0
12_3,2018/12/18 9:13,0
12_3,2018/12/18 9:08,0.956773
12_3,2018/12/18 9:16,0
12_3,2018/12/18 9:17,0.913334
12_3,2018/12/18 9:18,0
12_3,2018/12/18 9:15,0
12_3,2018/12/18 9:11,0
12_3,2018/12/18 9:21,0
12_3,2018/12/18 9:24,0
12_3,2018/12/18 9:23,0
12_3,2018/12/18 9:19,0.956564
12_3,2018/12/18 9:09,1.913892
12_3,2018/12/18 9:20,0.942662
12_3,2018/12/18 9:04,0
12_3,2018/12/18 9:31,0
12_3,2018/12/18 9:27,0.942602
12_3,2018/12/18 9:32,0.943016
12_3,2018/12/18 9:24,0
12_3,2018/12/18 9:34,0
12_3,2018/12/18 9:28,0.936487
12_3,2018/12/18 9:30,0
12_3,2018/12/18 9:25,0.957343
12_3,2018/12/18 9:26,0
12_3,2018/12/18 9:29,0
12_3,2018/12/18 9:41,0.956669
12_3,2018/12/18 9:43,0
12_3,2018/12/18 9:42,0
12_3,2018/12/18 9:37,0.943072
12_3,2018/12/18 9:44,0.956825
12_3,2018/12/18 9:36,0.942359
12_3,2018/12/18 9:35,0.957261
12_3,2018/12/18 9:40,0
12_3,2018/12/18 9:39,0
12_3,2018/12/18 9:38,0
12_3,2018/12/18 9:33,0.956583
12_3,2018/12/18 10:02,0
12_3,2018/12/18 10:00,3.827285
12_3,2018/12/18 9:55,0
12_3,2018/12/18 10:01,0.942937
12_3,2018/12/18 9:56,0.942769
12_3,2018/12/18 9:58,0.956944
12_3,2018/12/18 9:57,0.942664
12_3,2018/12/18 9:46,0.942441
12_3,2018/12/18 9:45,0.956622
12_3,2018/12/18 9:54,0.942672
12_3,2018/12/18 9:48,0
12_3,2018/12/18 9:50,0
12_3,2018/12/18 9:52,0
12_3,2018/12/18 9:47,0
12_3,2018/12/18 9:49,1.883762
12_3,2018/12/18 9:51,1.913345
12_3,2018/12/18 9:53,0.956695
12_3,2018/12/18 10:17,0.942484
12_3,2018/12/18 10:14,0.956709
12_3,2018/12/18 10:15,0
12_3,2018/12/18 10:19,2.870223
12_3,2018/12/18 10:13,0.929077
12_3,2018/12/18 10:11,0
12_3,2018/12/18 10:18,0.942815
12_3,2018/12/18 10:12,0
12_3,2018/12/18 10:16,1.885345
12_3,2018/12/18 10:10,0.957025
12_3,2018/12/18 10:09,1.885756
12_3,2018/12/18 10:04,0
12_3,2018/12/18 10:08,0.942703
12_3,2018/12/18 10:07,0
12_3,2018/12/18 10:02,0
12_3,2018/12/18 10:05,0.956792
12_3,2018/12/18 10:03,0.955417
12_3,2018/12/18 10:32,0
12_3,2018/12/18 10:35,2.828569
12_3,2018/12/18 10:20,0.942663
12_3,2018/12/18 10:34,1.885357
12_3,2018/12/18 10:33,1.913468
12_3,2018/12/18 10:31,0.942479
12_3,2018/12/18 10:23,0.942699
12_3,2018/12/18 10:29,2.870371
12_3,2018/12/18 10:25,1.885273
12_3,2018/12/18 10:30,1.884962
12_3,2018/12/18 10:27,0
12_3,2018/12/18 10:28,1.913464
12_3,2018/12/18 10:24,1.885582
12_3,2018/12/18 10:21,0
12_3,2018/12/18 10:26,0
12_3,2018/12/18 10:22,1.885001
12_3,2018/12/18 10:37,1.831156
12_3,2018/12/18 10:50,0.915541
12_3,2018/12/18 10:49,0.956537
12_3,2018/12/18 10:46,0.940604
12_3,2018/12/18 10:47,2.870152
12_3,2018/12/18 10:45,0.95662
12_3,2018/12/18 10:48,0
12_3,2018/12/18 10:39,0.942556
12_3,2018/12/18 10:40,1.885134
12_3,2018/12/18 10:43,3.770123
12_3,2018/12/18 10:52,0
12_3,2018/12/18 10:38,0
12_3,2018/12/18 10:41,1.886917
12_3,2018/12/18 10:53,0
12_3,2018/12/18 10:42,0
12_3,2018/12/18 10:44,0.956871
12_3,2018/12/18 10:36,0.95678
12_3,2018/12/18 11:03,0.942437
12_3,2018/12/18 11:07,0.942546
12_3,2018/12/18 11:06,1.886233
12_3,2018/12/18 11:10,0
12_3,2018/12/18 11:04,0
12_3,2018/12/18 11:08,0.956701
12_3,2018/12/18 11:09,0.929243
12_3,2018/12/18 11:05,0
12_3,2018/12/18 11:01,0
12_3,2018/12/18 10:58,2.827523
12_3,2018/12/18 10:58,2.827523
12_3,2018/12/18 11:02,2.827542
12_3,2018/12/18 10:59,0
12_3,2018/12/18 10:55,0.943053
12_3,2018/12/18 10:56,0.956752
12_3,2018/12/18 10:57,0
12_3,2018/12/18 10:54,0.942499
12_3,2018/12/18 11:24,0.942792
12_3,2018/12/18 11:29,0
12_3,2018/12/18 11:28,0.942425
12_3,2018/12/18 11:30,0
12_3,2018/12/18 11:23,0
12_3,2018/12/18 11:18,0.943478
12_3,2018/12/18 11:17,12.437602
12_3,2018/12/18 11:22,0
12_3,2018/12/18 11:16,0.956845
12_3,2018/12/18 11:20,0
12_3,2018/12/18 11:19,0
12_3,2018/12/18 11:26,0.956958
12_3,2018/12/18 11:15,0.956708
12_3,2018/12/18 11:11,0.942776
12_3,2018/12/18 11:13,1.912682
12_3,2018/12/18 11:27,0.943006
12_3,2018/12/18 11:14,2.745721
12_3,2018/12/18 11:25,0
12_3,2018/12/18 11:12,0
12_3,2018/12/18 11:41,0
12_3,2018/12/18 11:34,0
12_3,2018/12/18 11:36,0
12_3,2018/12/18 11:37,0
12_3,2018/12/18 11:31,0.942724
12_3,2018/12/18 11:33,0
12_3,2018/12/18 11:35,0
12_3,2018/12/18 11:32,0
12_3,2018/12/18 11:39,0
12_3,2018/12/18 11:47,0
12_3,2018/12/18 11:38,0.956566
12_3,2018/12/18 11:42,0.957123
12_3,2018/12/18 11:43,0
12_3,2018/12/18 11:46,0
12_3,2018/12/18 11:40,0.956836
12_3,2018/12/18 11:48,1.913026
12_3,2018/12/18 11:45,0
12_3,2018/12/18 11:52,0
12_3,2018/12/18 11:55,0.928912
12_3,2018/12/18 12:02,0
12_3,2018/12/18 11:56,0
12_3,2018/12/18 12:04,0
12_3,2018/12/18 12:03,2.829398
12_3,2018/12/18 11:57,0.94267
12_3,2018/12/18 11:51,0
12_3,2018/12/18 11:53,0
12_3,2018/12/18 11:59,0.943769
12_3,2018/12/18 12:01,0
12_3,2018/12/18 12:05,0
12_3,2018/12/18 12:06,0
12_3,2018/12/18 12:07,0
12_3,2018/12/18 12:00,0
12_3,2018/12/18 11:54,0.941898
12_3,2018/12/18 11:49,0
12_3,2018/12/18 11:58,0.942536
12_3,2018/12/18 11:48,1.913026
12_3,2018/12/18 12:09,0
12_3,2018/12/18 12:11,0
12_3,2018/12/18 12:08,0.90275
12_3,2018/12/18 12:10,0.956632
12_3,2018/12/18 12:17,0
12_3,2018/12/18 12:31,0
12_3,2018/12/18 12:12,0
12_3,2018/12/18 12:28,0
12_3,2018/12/18 12:16,0
12_3,2018/12/18 12:30,0.942795
12_3,2018/12/18 12:27,0
12_3,2018/12/18 12:22,0
12_3,2018/12/18 12:25,0
12_3,2018/12/18 12:19,0
12_3,2018/12/18 12:20,0
12_3,2018/12/18 12:13,0
12_3,2018/12/18 12:14,0
12_3,2018/12/18 12:15,0
12_3,2018/12/18 12:39,0
12_3,2018/12/18 12:37,0
12_3,2018/12/18 12:40,0
12_3,2018/12/18 12:37,0
12_3,2018/12/18 12:34,0.942699
12_3,2018/12/18 12:32,0.957225
12_3,2018/12/18 12:33,0
12_3,2018/12/18 12:35,0
12_3,2018/12/18 12:35,0
12_3,2018/12/18 12:43,0
12_3,2018/12/18 12:41,0
12_3,2018/12/18 12:40,0
12_3,2018/12/18 12:44,0
12_3,2018/12/18 12:45,0
12_3,2018/12/18 12:48,0
12_3,2018/12/18 12:45,0
12_3,2018/12/18 12:47,0
12_3,2018/12/18 12:46,0
12_3,2018/12/18 12:55,0
12_3,2018/12/18 12:51,0
12_3,2018/12/18 12:53,0
12_3,2018/12/18 12:54,0
12_3,2018/12/18 13:00,0
12_3,2018/12/18 13:01,0
12_3,2018/12/18 12:52,0
12_3,2018/12/18 13:09,0
12_3,2018/12/18 13:08,0
12_3,2018/12/18 12:57,0
12_3,2018/12/18 12:59,0
12_3,2018/12/18 12:56,0
12_3,2018/12/18 13:06,0
12_3,2018/12/18 12:58,0
12_3,2018/12/18 13:07,0
12_3,2018/12/18 13:04,0
12_3,2018/12/18 13:02,0
12_3,2018/12/18 13:03,0.942953
12_3,2018/12/18 12:49,0
12_3,2018/12/18 13:22,0
12_3,2018/12/18 13:25,0.942698
12_3,2018/12/18 13:23,0
12_3,2018/12/18 13:18,0
12_3,2018/12/18 13:16,0
12_3,2018/12/18 13:24,0
12_3,2018/12/18 13:21,0
12_3,2018/12/18 13:29,0
12_3,2018/12/18 13:20,0
12_3,2018/12/18 13:28,0
12_3,2018/12/18 13:30,0
12_3,2018/12/18 13:27,0
12_3,2018/12/18 13:19,0
12_3,2018/12/18 13:17,0
12_3,2018/12/18 13:26,0
12_3,2018/12/18 13:11,0
12_3,2018/12/18 13:12,0
12_3,2018/12/18 13:15,0
12_3,2018/12/18 13:14,0
12_3,2018/12/18 13:10,0
12_3,2018/12/18 13:13,0
12_3,2018/12/18 13:32,0.956999
12_3,2018/12/18 13:35,0
12_3,2018/12/18 13:33,0
12_3,2018/12/18 13:34,0
12_3,2018/12/18 13:31,0
12_3,2018/12/18 13:47,0
12_3,2018/12/18 13:43,0.956537
12_3,2018/12/18 13:41,0.956494
12_3,2018/12/18 13:42,0.942574
12_3,2018/12/18 13:40,0
12_3,2018/12/18 13:44,2.787722
12_3,2018/12/18 13:48,0
12_3,2018/12/18 13:47,0
12_3,2018/12/18 13:39,1.913246
12_3,2018/12/18 13:37,0.956107
12_3,2018/12/18 13:46,0
12_3,2018/12/18 13:36,0.956907
12_3,2018/12/18 13:45,1.913498
12_3,2018/12/18 14:04,0
12_3,2018/12/18 14:02,0
12_3,2018/12/18 13:55,0
12_3,2018/12/18 14:07,1.884898
12_3,2018/12/18 13:58,0.956831
12_3,2018/12/18 14:01,0
12_3,2018/12/18 14:05,0.956718
12_3,2018/12/18 14:00,0
12_3,2018/12/18 14:06,0
12_3,2018/12/18 13:50,0
12_3,2018/12/18 13:52,0
12_3,2018/12/18 13:49,0
12_3,2018/12/18 13:56,0
12_3,2018/12/18 13:57,1.885709
12_3,2018/12/18 14:03,0
12_3,2018/12/18 13:54,0.942847
12_3,2018/12/18 13:53,0
12_3,2018/12/18 13:58,0.956831
12_3,2018/12/18 14:17,0
12_3,2018/12/18 14:20,0
12_3,2018/12/18 14:15,0
12_3,2018/12/18 14:15,0
12_3,2018/12/18 14:19,0
12_3,2018/12/18 14:21,0
12_3,2018/12/18 14:18,0
12_3,2018/12/18 14:12,1.839093
12_3,2018/12/18 14:25,1.913168
12_3,2018/12/18 14:26,0.942514
12_3,2018/12/18 14:24,0.942754
12_3,2018/12/18 14:09,0.94258
12_3,2018/12/18 14:14,0
12_3,2018/12/18 14:08,0
12_3,2018/12/18 14:22,0
12_3,2018/12/18 14:11,1.831443
12_3,2018/12/18 14:10,1.88489
12_3,2018/12/18 14:43,0
12_3,2018/12/18 14:37,0
12_3,2018/12/18 14:39,0
12_3,2018/12/18 14:41,0
12_3,2018/12/18 14:42,0
12_3,2018/12/18 14:38,0
12_3,2018/12/18 14:40,1.9125
12_3,2018/12/18 14:33,0.956859
12_3,2018/12/18 14:34,0
12_3,2018/12/18 14:35,0.942682
12_3,2018/12/18 14:36,0
12_3,2018/12/18 14:27,1.855526
12_3,2018/12/18 14:29,0.942543
12_3,2018/12/18 14:31,0
12_3,2018/12/18 14:28,0.942554
12_3,2018/12/18 14:30,0.942778
12_3,2018/12/18 14:49,3.769536
12_3,2018/12/18 14:46,0
12_3,2018/12/18 14:54,0
12_3,2018/12/18 14:47,0.943094
12_3,2018/12/18 14:50,0
12_3,2018/12/18 14:51,3.826246
12_3,2018/12/18 14:53,0
12_3,2018/12/18 14:45,0
12_3,2018/12/18 14:52,0.956747
12_3,2018/12/18 15:00,0.942796
12_3,2018/12/18 14:48,0
12_3,2018/12/18 14:58,0
12_3,2018/12/18 14:57,0.95659
12_3,2018/12/18 15:01,0.929121
12_3,2018/12/18 14:55,0
12_3,2018/12/18 14:56,0.942787
12_3,2018/12/18 15:10,1.885221
12_3,2018/12/18 15:12,1.885824
12_3,2018/12/18 15:15,0
12_3,2018/12/18 15:02,0
12_3,2018/12/18 15:02,0
12_3,2018/12/18 15:07,0.942574
12_3,2018/12/18 15:09,0.95668
12_3,2018/12/18 15:04,2.786407
12_3,2018/12/18 15:14,0
12_3,2018/12/18 15:11,0.956445
12_3,2018/12/18 15:08,0.956896
12_3,2018/12/18 15:16,0
12_3,2018/12/18 15:17,0.942691
12_3,2018/12/18 15:16,0
12_3,2018/12/18 15:06,0
12_3,2018/12/18 15:13,0.94296
12_3,2018/12/18 15:05,0.956556
12_3,2018/12/18 15:35,0
12_3,2018/12/18 15:20,0.902491
12_3,2018/12/18 15:32,1.885893
12_3,2018/12/18 15:34,0.956948
12_3,2018/12/18 15:24,0
12_3,2018/12/18 15:33,0
12_3,2018/12/18 15:23,0
12_3,2018/12/18 15:27,0.942255
12_3,2018/12/18 15:31,0
12_3,2018/12/18 15:25,1.913148
12_3,2018/12/18 15:28,0
12_3,2018/12/18 15:26,0
12_3,2018/12/18 15:30,1.913886
12_3,2018/12/18 15:29,0.956447
12_3,2018/12/18 15:19,0
12_3,2018/12/18 15:19,0
12_3,2018/12/18 15:22,0
12_3,2018/12/18 15:52,0
12_3,2018/12/18 15:41,0.94279
12_3,2018/12/18 15:48,0.95676
12_3,2018/12/18 15:51,0
12_3,2018/12/18 15:43,1.913204
12_3,2018/12/18 15:46,0
12_3,2018/12/18 15:36,0
12_3,2018/12/18 15:47,0
12_3,2018/12/18 15:43,1.913204
12_3,2018/12/18 15:44,0.956938
12_3,2018/12/18 15:38,0
12_3,2018/12/18 15:50,0
12_3,2018/12/18 15:49,0
12_3,2018/12/18 15:39,0
12_3,2018/12/18 15:40,0.956296
12_3,2018/12/18 15:42,0
12_3,2018/12/18 15:55,1.885266
12_3,2018/12/18 16:02,0
12_3,2018/12/18 15:53,0.956961
12_3,2018/12/18 16:10,0
12_3,2018/12/18 16:01,0.956793
12_3,2018/12/18 16:04,0
12_3,2018/12/18 16:00,0.95652
12_3,2018/12/18 16:08,0
12_3,2018/12/18 16:04,0
12_3,2018/12/18 16:09,0.956813
12_3,2018/12/18 15:58,0
12_3,2018/12/18 15:59,0.942665
12_3,2018/12/18 16:05,0
12_3,2018/12/18 15:57,0
12_3,2018/12/18 15:56,2.828401
12_3,2018/12/18 16:11,0
12_3,2018/12/18 15:54,0
12_3,2018/12/18 16:07,0
12_3,2018/12/18 16:17,0.942893
12_3,2018/12/18 16:26,4.786274
12_3,2018/12/18 16:18,0
12_3,2018/12/18 16:29,0.942767
12_3,2018/12/18 16:14,0.91603
12_3,2018/12/18 16:28,0
12_3,2018/12/18 16:20,2.829783
12_3,2018/12/18 16:24,0.942828
12_3,2018/12/18 16:25,0
12_3,2018/12/18 16:23,2.869821
12_3,2018/12/18 16:21,0
12_3,2018/12/18 16:13,0
12_3,2018/12/18 16:19,0.942794
12_3,2018/12/18 16:22,2.826039
12_3,2018/12/18 16:30,2.781831
12_3,2018/12/18 16:12,0
12_3,2018/12/18 16:16,0.956731
12_3,2018/12/18 16:29,0.942767
12_3,2018/12/18 16:15,1.913882
12_3,2018/12/18 16:36,0.942447
12_3,2018/12/18 16:34,1.913279
12_3,2018/12/18 16:37,2.788301
12_3,2018/12/18 16:47,1.885429
12_3,2018/12/18 16:47,1.885429
12_3,2018/12/18 16:48,0
12_3,2018/12/18 16:33,0
12_3,2018/12/18 16:40,0.956709
12_3,2018/12/18 16:43,0.956848
12_3,2018/12/18 16:39,0
12_3,2018/12/18 16:41,2.816833
12_3,2018/12/18 16:44,1.886185
12_3,2018/12/18 16:38,0.942965
12_3,2018/12/18 16:31,0
12_3,2018/12/18 16:32,0.95681
12_3,2018/12/18 16:42,0
12_3,2018/12/18 16:46,0.916177
12_3,2018/12/18 16:57,0.827728
12_3,2018/12/18 16:59,0
12_3,2018/12/18 17:00,0
12_3,2018/12/18 17:06,0
12_3,2018/12/18 16:58,0
12_3,2018/12/18 16:53,0
12_3,2018/12/18 17:04,0.942446
12_3,2018/12/18 16:54,0
12_3,2018/12/18 17:05,0
12_3,2018/12/18 17:01,0
12_3,2018/12/18 16:56,0
12_3,2018/12/18 17:03,0
12_3,2018/12/18 16:55,0.942531
12_3,2018/12/18 17:02,0.903024
12_3,2018/12/18 16:52,1.885222
12_3,2018/12/18 16:50,0.942805
12_3,2018/12/18 16:49,0.942629
12_3,2018/12/18 16:51,0
12_3,2018/12/18 17:09,0
12_3,2018/12/18 17:08,0
12_3,2018/12/18 17:10,0
12_3,2018/12/18 17:13,0
12_3,2018/12/18 17:15,0
12_3,2018/12/18 17:22,0
12_3,2018/12/18 17:23,0
12_3,2018/12/18 17:17,0
12_3,2018/12/18 17:19,0
12_3,2018/12/18 17:11,0
12_3,2018/12/18 17:14,0
12_3,2018/12/18 17:21,0
12_3,2018/12/18 17:24,0
12_3,2018/12/18 17:18,0
12_3,2018/12/18 17:16,0
12_3,2018/12/18 17:12,0
12_3,2018/12/18 17:20,0
12_3,2018/12/18 17:42,0.943781
12_3,2018/12/18 17:43,0
12_3,2018/12/18 17:45,0
12_3,2018/12/18 17:40,0
12_3,2018/12/18 17:41,0.943213
12_3,2018/12/18 17:44,0
12_3,2018/12/18 17:32,0
12_3,2018/12/18 17:26,0
12_3,2018/12/18 17:30,0
12_3,2018/12/18 17:29,0
12_3,2018/12/18 17:31,0
12_3,2018/12/18 17:25,0
12_3,2018/12/18 17:33,0
12_3,2018/12/18 17:28,0
12_3,2018/12/18 17:39,0
12_3,2018/12/18 17:34,0
12_3,2018/12/18 17:36,0
12_3,2018/12/18 17:37,0
12_3,2018/12/18 17:38,0
12_3,2018/12/18 17:54,0
12_3,2018/12/18 17:46,0
12_3,2018/12/18 17:53,0
12_3,2018/12/18 17:59,0
12_3,2018/12/18 17:51,0
12_3,2018/12/18 17:52,0
12_3,2018/12/18 17:49,0
12_3,2018/12/18 17:57,0
12_3,2018/12/18 17:56,0
12_3,2018/12/18 18:01,0
12_3,2018/12/18 18:04,0
12_3,2018/12/18 18:00,0
12_3,2018/12/18 18:07,0
12_3,2018/12/18 17:58,0
12_3,2018/12/18 17:55,0
12_3,2018/12/18 17:48,0
12_3,2018/12/18 18:03,0
12_3,2018/12/18 17:47,0
12_3,2018/12/18 18:02,0
12_3,2018/12/18 18:05,0
12_3,2018/12/18 18:17,0
12_3,2018/12/18 18:16,0
12_3,2018/12/18 18:15,0
12_3,2018/12/18 18:13,0
12_3,2018/12/18 18:14,0
12_3,2018/12/18 18:29,0
12_3,2018/12/18 18:23,0
12_3,2018/12/18 18:25,0
12_3,2018/12/18 18:20,0
12_3,2018/12/18 18:27,0
12_3,2018/12/18 18:24,0
12_3,2018/12/18 18:22,0
12_3,2018/12/18 18:26,0.942715
12_3,2018/12/18 18:28,0.942816
12_3,2018/12/18 18:18,0
12_3,2018/12/18 18:19,0
12_3,2018/12/18 18:11,0
12_3,2018/12/18 18:08,0
12_3,2018/12/18 18:10,0
12_3,2018/12/18 18:12,0
12_3,2018/12/18 18:09,0
12_3,2018/12/18 18:35,0
12_3,2018/12/18 18:36,0
12_3,2018/12/18 18:42,0
12_3,2018/12/18 18:37,0
12_3,2018/12/18 18:45,0
12_3,2018/12/18 18:42,0
12_3,2018/12/18 18:40,0
12_3,2018/12/18 18:43,0
12_3,2018/12/18 18:49,0
12_3,2018/12/18 18:46,0
12_3,2018/12/18 18:51,0
12_3,2018/12/18 18:52,0
12_3,2018/12/18 18:50,0
12_3,2018/12/18 18:31,0
12_3,2018/12/18 18:33,0
12_3,2018/12/18 18:48,0
12_3,2018/12/18 18:47,0
12_3,2018/12/18 18:32,0
12_3,2018/12/18 18:34,0
12_3,2018/12/18 18:39,0
12_3,2018/12/18 18:30,0
12_3,2018/12/18 18:39,0
12_3,2018/12/18 19:09,0
12_3,2018/12/18 19:13,0
12_3,2018/12/18 19:10,0
12_3,2018/12/18 19:12,0
12_3,2018/12/18 19:08,0
12_3,2018/12/18 19:01,0
12_3,2018/12/18 19:11,0
12_3,2018/12/18 19:07,0
12_3,2018/12/18 18:59,0
12_3,2018/12/18 19:00,0
12_3,2018/12/18 18:56,0
12_3,2018/12/18 18:58,0.956966
12_3,2018/12/18 19:02,0
12_3,2018/12/18 19:04,0
12_3,2018/12/18 19:05,0
12_3,2018/12/18 19:03,0
12_3,2018/12/18 19:06,0
12_3,2018/12/18 19:14,0
12_3,2018/12/18 18:53,0
12_3,2018/12/18 18:57,0
12_3,2018/12/18 18:55,0
12_3,2018/12/18 18:54,0
12_3,2018/12/18 19:19,0
12_3,2018/12/18 19:21,0
12_3,2018/12/18 19:17,0
12_3,2018/12/18 19:18,0
12_3,2018/12/18 19:20,0
12_3,2018/12/18 19:22,0
12_3,2018/12/18 19:37,0
12_3,2018/12/18 19:33,0
12_3,2018/12/18 19:35,0
12_3,2018/12/18 19:31,0
12_3,2018/12/18 19:16,0
12_3,2018/12/18 19:31,0
12_3,2018/12/18 19:32,0
12_3,2018/12/18 19:34,0
12_3,2018/12/18 19:29,0
12_3,2018/12/18 19:30,0
12_3,2018/12/18 19:25,0
12_3,2018/12/18 19:15,0
12_3,2018/12/18 19:26,0
12_3,2018/12/18 19:27,0
12_3,2018/12/18 19:23,0
12_3,2018/12/18 19:24,0
12_3,2018/12/18 19:28,0
12_3,2018/12/18 19:45,0
12_3,2018/12/18 19:43,0
12_3,2018/12/18 19:44,0
12_3,2018/12/18 19:46,0
12_3,2018/12/18 19:47,0
12_3,2018/12/18 19:55,0
12_3,2018/12/18 19:54,0
12_3,2018/12/18 19:56,0
12_3,2018/12/18 19:57,0
12_3,2018/12/18 19:50,0
12_3,2018/12/18 19:48,0
12_3,2018/12/18 19:51,0
12_3,2018/12/18 19:49,0
12_3,2018/12/18 19:39,0
12_3,2018/12/18 19:58,0
12_3,2018/12/18 19:40,0
12_3,2018/12/18 19:53,0
12_3,2018/12/18 19:52,0
12_3,2018/12/18 19:38,0
12_3,2018/12/18 19:41,0
12_3,2018/12/18 19:42,0
12_3,2018/12/18 19:59,0
12_3,2018/12/18 20:09,0
12_3,2018/12/18 20:11,0
12_3,2018/12/18 20:13,0
12_3,2018/12/18 20:10,0
12_3,2018/12/18 20:12,0
12_3,2018/12/18 20:08,0
12_3,2018/12/18 20:05,0
12_3,2018/12/18 20:06,0
12_3,2018/12/18 20:01,0
12_3,2018/12/18 20:04,0
12_3,2018/12/18 20:02,0
12_3,2018/12/18 20:03,0
12_3,2018/12/18 20:22,0
12_3,2018/12/18 20:19,0
12_3,2018/12/18 20:17,0
12_3,2018/12/18 20:21,0
12_3,2018/12/18 20:18,0
12_3,2018/12/18 20:14,0
12_3,2018/12/18 20:16,0
12_3,2018/12/18 20:16,0
12_3,2018/12/18 20:15,0
12_3,2018/12/18 20:00,0
12_3,2018/12/18 20:43,0
12_3,2018/12/18 20:42,0
12_3,2018/12/18 20:31,0
12_3,2018/12/18 20:27,0
12_3,2018/12/18 20:26,0
12_3,2018/12/18 20:33,0
12_3,2018/12/18 20:24,0
12_3,2018/12/18 20:30,0
12_3,2018/12/18 20:25,0
12_3,2018/12/18 20:28,0
12_3,2018/12/18 20:23,0
12_3,2018/12/18 20:29,0
12_3,2018/12/18 20:40,0
12_3,2018/12/18 20:34,0
12_3,2018/12/18 20:44,0
12_3,2018/12/18 20:39,0
12_3,2018/12/18 20:40,0
12_3,2018/12/18 20:37,0
12_3,2018/12/18 20:32,0
12_3,2018/12/18 20:35,0
12_3,2018/12/18 20:38,0
12_3,2018/12/18 20:36,0
12_3,2018/12/18 20:51,0
12_3,2018/12/18 20:57,0
12_3,2018/12/18 20:52,0
12_3,2018/12/18 20:55,0
12_3,2018/12/18 20:53,0
12_3,2018/12/18 20:55,0
12_3,2018/12/18 20:58,0
12_3,2018/12/18 21:02,0
12_3,2018/12/18 20:59,0
12_3,2018/12/18 21:00,0
12_3,2018/12/18 21:01,0
12_3,2018/12/18 21:03,0
12_3,2018/12/18 20:54,0
12_3,2018/12/18 21:04,0
12_3,2018/12/18 21:06,0
12_3,2018/12/18 21:05,0
12_3,2018/12/18 20:45,0
12_3,2018/12/18 20:48,0
12_3,2018/12/18 20:49,0
12_3,2018/12/18 20:50,0
12_3,2018/12/18 20:46,0
12_3,2018/12/18 20:47,0
12_3,2018/12/18 21:15,0
12_3,2018/12/18 21:12,0
12_3,2018/12/18 21:09,0
12_3,2018/12/18 21:17,0
12_3,2018/12/18 21:12,0
12_3,2018/12/18 21:16,0
12_3,2018/12/18 21:10,0
12_3,2018/12/18 21:14,0
12_3,2018/12/18 21:27,0
12_3,2018/12/18 21:20,0
12_3,2018/12/18 21:22,0
12_3,2018/12/18 21:28,0
12_3,2018/12/18 21:25,0
12_3,2018/12/18 21:29,0
12_3,2018/12/18 21:23,0
12_3,2018/12/18 21:24,0
12_3,2018/12/18 21:26,0
12_3,2018/12/18 21:21,0
12_3,2018/12/18 21:19,0
12_3,2018/12/18 21:07,0
12_3,2018/12/18 21:08,0
12_3,2018/12/18 21:18,0
12_3,2018/12/18 21:49,0
12_3,2018/12/18 21:53,0
12_3,2018/12/18 21:43,0
12_3,2018/12/18 21:50,0
12_3,2018/12/18 21:30,0
12_3,2018/12/18 21:52,0
12_3,2018/12/18 21:44,0
12_3,2018/12/18 21:39,0
12_3,2018/12/18 21:36,0
12_3,2018/12/18 21:40,0
12_3,2018/12/18 21:32,0
12_3,2018/12/18 21:34,0
12_3,2018/12/18 21:31,0
12_3,2018/12/18 21:33,0
12_3,2018/12/18 21:35,0
12_3,2018/12/18 21:37,0
12_3,2018/12/18 21:41,0
12_3,2018/12/18 21:38,0
12_3,2018/12/18 21:46,0
12_3,2018/12/18 21:42,0
12_3,2018/12/18 21:45,0
12_3,2018/12/18 21:48,0
12_3,2018/12/18 21:47,0
12_3,2018/12/18 22:08,0
12_3,2018/12/18 22:04,0
12_3,2018/12/18 22:02,0
12_3,2018/12/18 22:07,0
12_3,2018/12/18 22:05,0
12_3,2018/12/18 22:03,0
12_3,2018/12/18 21:59,0
12_3,2018/12/18 22:00,0
12_3,2018/12/18 22:09,0
12_3,2018/12/18 21:57,0
12_3,2018/12/18 21:55,0
12_3,2018/12/18 21:57,0
12_3,2018/12/18 21:55,0
12_3,2018/12/18 21:54,0
12_3,2018/12/18 21:58,0
12_3,2018/12/18 22:01,0
12_3,2018/12/18 22:17,0
12_3,2018/12/18 22:14,0
12_3,2018/12/18 22:16,0
12_3,2018/12/18 22:18,0
12_3,2018/12/18 22:15,0
12_3,2018/12/18 22:10,0
12_3,2018/12/18 22:11,0
12_3,2018/12/18 22:13,0
12_3,2018/12/18 22:34,0
12_3,2018/12/18 22:37,0
12_3,2018/12/18 22:33,0
12_3,2018/12/18 22:35,0
12_3,2018/12/18 22:32,0
12_3,2018/12/18 22:23,0
12_3,2018/12/18 22:22,0
12_3,2018/12/18 22:40,0
12_3,2018/12/18 22:39,0
12_3,2018/12/18 22:27,0
12_3,2018/12/18 22:30,0
12_3,2018/12/18 22:28,0
12_3,2018/12/18 22:29,0
12_3,2018/12/18 22:31,0
12_3,2018/12/18 22:38,0
12_3,2018/12/18 22:26,0.956687
12_3,2018/12/18 22:20,0
12_3,2018/12/18 22:19,0
12_3,2018/12/18 22:24,0
12_3,2018/12/18 22:25,0
12_3,2018/12/18 22:53,0
12_3,2018/12/18 22:50,0
12_3,2018/12/18 22:57,0
12_3,2018/12/18 22:55,0
12_3,2018/12/18 22:56,0
12_3,2018/12/18 23:00,0
12_3,2018/12/18 22:54,0
12_3,2018/12/18 22:41,0
12_3,2018/12/18 23:01,0
12_3,2018/12/18 23:03,0
12_3,2018/12/18 22:46,0
12_3,2018/12/18 22:42,0
12_3,2018/12/18 23:02,0
12_3,2018/12/18 22:45,0
12_3,2018/12/18 22:48,0
12_3,2018/12/18 22:52,0
12_3,2018/12/18 22:47,0
12_3,2018/12/18 22:59,0
12_3,2018/12/18 22:43,0
12_3,2018/12/18 22:44,0
12_3,2018/12/18 22:51,0
12_3,2018/12/18 23:09,0
12_3,2018/12/18 23:04,0
12_3,2018/12/18 23:17,0
12_3,2018/12/18 23:26,0
12_3,2018/12/18 23:27,0
12_3,2018/12/18 23:20,0
12_3,2018/12/18 23:23,0
12_3,2018/12/18 23:08,0
12_3,2018/12/18 23:22,0
12_3,2018/12/18 23:25,0
12_3,2018/12/18 23:24,0
12_3,2018/12/18 23:06,0
12_3,2018/12/18 23:19,0
12_3,2018/12/18 23:16,0
12_3,2018/12/18 23:14,0
12_3,2018/12/18 23:13,0
12_3,2018/12/18 23:11,0
12_3,2018/12/18 23:05,0
12_3,2018/12/18 23:18,0
12_3,2018/12/18 23:10,0
12_3,2018/12/18 23:12,0
12_3,2018/12/18 23:15,0
12_3,2018/12/18 23:32,0
12_3,2018/12/18 23:28,0
12_3,2018/12/18 23:29,0
12_3,2018/12/18 23:31,0
12_3,2018/12/18 23:36,0
12_3,2018/12/18 23:34,0
12_3,2018/12/18 23:35,0
12_3,2018/12/18 23:33,0
12_3,2018/12/18 23:43,0
12_3,2018/12/18 23:47,0
12_3,2018/12/18 23:38,0
12_3,2018/12/18 23:48,0
12_3,2018/12/18 23:41,0
12_3,2018/12/18 23:42,0
12_3,2018/12/18 23:37,0
12_3,2018/12/18 23:44,0
12_3,2018/12/18 23:46,0
12_3,2018/12/18 23:39,0
12_3,2018/12/18 23:45,0
12_3,2018/12/18 23:57,0
12_3,2018/12/18 23:53,0
12_3,2018/12/18 23:52,0
12_3,2018/12/18 23:51,0
12_3,2018/12/18 23:55,0
12_3,2018/12/18 23:54,0
12_3,2018/12/18 23:50,0
12_3,2018/12/18 23:59,0
12_3,2018/12/18 23:49,0
12_3,2018/12/18 23:58,0
12_3,2018/12/19 0:00,0
12_3,2018/12/19 0:02,0
12_3,2018/12/19 0:01,0
12_3,2018/12/19 0:03,0
12_3,2018/12/19 0:05,0
12_3,2018/12/19 0:06,0
12_3,2018/12/19 0:08,0
12_3,2018/12/19 0:07,0
12_3,2018/12/19 0:09,0
12_3,2018/12/19 0:11,0
12_3,2018/12/19 0:12,0
12_3,2018/12/19 0:13,0
12_3,2018/12/19 0:14,0
12_3,2018/12/19 0:15,0
12_3,2018/12/19 0:17,0
12_3,2018/12/19 0:16,0
12_3,2018/12/19 0:18,0
12_3,2018/12/19 0:19,0
12_3,2018/12/19 0:20,0
12_3,2018/12/19 0:22,0
12_3,2018/12/19 0:23,0
12_3,2018/12/19 0:24,0
12_3,2018/12/19 0:26,0
12_3,2018/12/19 0:27,0
12_3,2018/12/19 0:31,0
12_3,2018/12/19 0:37,0
12_3,2018/12/19 0:40,0
12_3,2018/12/19 0:33,0
12_3,2018/12/19 0:30,0
12_3,2018/12/19 0:36,0
12_3,2018/12/19 0:25,0
12_3,2018/12/19 0:43,0
12_3,2018/12/19 0:42,0
12_3,2018/12/19 0:35,0
12_3,2018/12/19 0:38,0
12_3,2018/12/19 0:44,0
12_3,2018/12/19 0:41,0
12_3,2018/12/19 0:46,0
12_3,2018/12/19 0:45,0
12_3,2018/12/19 0:29,0
12_3,2018/12/19 0:28,0
12_3,2018/12/19 0:34,0
12_3,2018/12/19 0:39,0
12_3,2018/12/19 1:04,0
12_3,2018/12/19 1:02,0
12_3,2018/12/19 1:01,0
12_3,2018/12/19 0:47,0
12_3,2018/12/19 0:48,0
12_3,2018/12/19 1:06,0
12_3,2018/12/19 0:54,0
12_3,2018/12/19 1:03,0
12_3,2018/12/19 0:53,0
12_3,2018/12/19 1:07,0
12_3,2018/12/19 0:56,0
12_3,2018/12/19 0:55,0
12_3,2018/12/19 1:05,0
12_3,2018/12/19 0:59,0
12_3,2018/12/19 1:00,0
12_3,2018/12/19 1:08,0
12_3,2018/12/19 0:58,0
12_3,2018/12/19 0:57,0
12_3,2018/12/19 0:51,0
12_3,2018/12/19 0:52,0
12_3,2018/12/19 0:50,0
12_3,2018/12/19 1:21,0
12_3,2018/12/19 1:25,0
12_3,2018/12/19 1:26,0
12_3,2018/12/19 1:20,0
12_3,2018/12/19 1:22,0
12_3,2018/12/19 1:24,0
12_3,2018/12/19 1:12,0
12_3,2018/12/19 1:10,0
12_3,2018/12/19 1:11,0
12_3,2018/12/19 1:29,0
12_3,2018/12/19 1:31,0
12_3,2018/12/19 1:16,0
12_3,2018/12/19 1:13,0
12_3,2018/12/19 1:15,0
12_3,2018/12/19 1:23,0
12_3,2018/12/19 1:18,0
12_3,2018/12/19 1:28,0
12_3,2018/12/19 1:19,0
12_3,2018/12/19 1:16,0
12_3,2018/12/19 1:30,0
12_3,2018/12/19 1:09,0
12_3,2018/12/19 1:27,0
12_3,2018/12/19 1:32,0
12_3,2018/12/19 1:34,0
12_3,2018/12/19 1:33,0
12_3,2018/12/19 1:37,0
12_3,2018/12/19 1:36,0
12_3,2018/12/19 2:01,0
12_3,2018/12/19 1:51,0
12_3,2018/12/19 1:50,0
12_3,2018/12/19 1:56,0
12_3,2018/12/19 1:40,0
12_3,2018/12/19 1:38,0
12_3,2018/12/19 1:39,0
12_3,2018/12/19 1:55,0
12_3,2018/12/19 1:59,0
12_3,2018/12/19 1:52,0
12_3,2018/12/19 1:41,0
12_3,2018/12/19 1:42,0
12_3,2018/12/19 1:58,0
12_3,2018/12/19 1:57,0
12_3,2018/12/19 1:45,0
12_3,2018/12/19 1:44,0
12_3,2018/12/19 1:53,0
12_3,2018/12/19 1:54,0
12_3,2018/12/19 1:49,0
12_3,2018/12/19 1:48,0
12_3,2018/12/19 1:47,0
12_3,2018/12/19 1:43,0
12_3,2018/12/19 2:16,0
12_3,2018/12/19 2:19,0
12_3,2018/12/19 2:20,0
12_3,2018/12/19 2:02,0
12_3,2018/12/19 2:03,0
12_3,2018/12/19 2:14,0
12_3,2018/12/19 2:15,0
12_3,2018/12/19 2:05,0
12_3,2018/12/19 2:22,0
12_3,2018/12/19 2:04,0
12_3,2018/12/19 2:09,0
12_3,2018/12/19 2:10,0
12_3,2018/12/19 2:08,0
12_3,2018/12/19 2:07,0
12_3,2018/12/19 2:18,0
12_3,2018/12/19 2:17,0
12_3,2018/12/19 2:12,0
12_3,2018/12/19 2:13,0
12_3,2018/12/19 2:21,0
12_3,2018/12/19 2:23,0
12_3,2018/12/19 2:11,0
12_3,2018/12/19 2:25,0
12_3,2018/12/19 2:41,0
12_3,2018/12/19 2:42,0
12_3,2018/12/19 2:26,0
12_3,2018/12/19 2:28,0
12_3,2018/12/19 2:27,0
12_3,2018/12/19 2:31,0
12_3,2018/12/19 2:29,0
12_3,2018/12/19 2:30,0
12_3,2018/12/19 2:39,0
12_3,2018/12/19 2:38,0
12_3,2018/12/19 2:40,0
12_3,2018/12/19 2:45,0
12_3,2018/12/19 2:32,0
12_3,2018/12/19 2:43,0
12_3,2018/12/19 2:44,0
12_3,2018/12/19 2:33,0
12_3,2018/12/19 2:34,0
12_3,2018/12/19 2:33,0
12_3,2018/12/19 2:46,0
12_3,2018/12/19 2:37,0
12_3,2018/12/19 2:36,0
12_3,2018/12/19 3:06,0
12_3,2018/12/19 2:53,0
12_3,2018/12/19 2:48,0
12_3,2018/12/19 3:08,0
12_3,2018/12/19 3:02,0
12_3,2018/12/19 3:03,0
12_3,2018/12/19 3:02,0
12_3,2018/12/19 2:47,0
12_3,2018/12/19 2:52,0
12_3,2018/12/19 3:00,0
12_3,2018/12/19 3:08,0
12_3,2018/12/19 3:01,0
12_3,2018/12/19 3:05,0
12_3,2018/12/19 2:51,0
12_3,2018/12/19 2:57,0
12_3,2018/12/19 2:59,0
12_3,2018/12/19 2:54,0
12_3,2018/12/19 2:49,0
12_3,2018/12/19 2:58,0
12_3,2018/12/19 2:56,0
12_3,2018/12/19 2:50,0
12_3,2018/12/19 3:21,0
12_3,2018/12/19 3:20,0
12_3,2018/12/19 3:23,0
12_3,2018/12/19 3:24,0
12_3,2018/12/19 3:22,0
12_3,2018/12/19 3:27,0
12_3,2018/12/19 3:28,0
12_3,2018/12/19 3:25,0
12_3,2018/12/19 3:29,0
12_3,2018/12/19 3:11,0
12_3,2018/12/19 3:18,0
12_3,2018/12/19 3:12,0
12_3,2018/12/19 3:09,0
12_3,2018/12/19 3:10,0
12_3,2018/12/19 3:16,0
12_3,2018/12/19 3:15,0
12_3,2018/12/19 3:17,0
12_3,2018/12/19 3:19,0
12_3,2018/12/19 3:31,0
12_3,2018/12/19 3:32,0
12_3,2018/12/19 3:26,0
12_3,2018/12/19 3:14,0
12_3,2018/12/19 3:13,0
12_3,2018/12/19 3:46,0
12_3,2018/12/19 3:48,0
12_3,2018/12/19 3:44,0
12_3,2018/12/19 3:45,0
12_3,2018/12/19 3:47,0
12_3,2018/12/19 3:43,0
12_3,2018/12/19 3:54,0
12_3,2018/12/19 3:53,0
12_3,2018/12/19 3:49,0
12_3,2018/12/19 3:51,0
12_3,2018/12/19 3:50,0
12_3,2018/12/19 3:52,0
12_3,2018/12/19 3:37,0
12_3,2018/12/19 3:33,0
12_3,2018/12/19 3:40,0
12_3,2018/12/19 3:38,0
12_3,2018/12/19 3:42,0
12_3,2018/12/19 3:34,0
12_3,2018/12/19 3:41,0
12_3,2018/12/19 3:35,0
12_3,2018/12/19 3:38,0
12_3,2018/12/19 3:32,0
12_3,2018/12/19 4:01,0
12_3,2018/12/19 3:59,0
12_3,2018/12/19 3:58,0
12_3,2018/12/19 3:57,0
12_3,2018/12/19 3:55,0
12_3,2018/12/19 3:56,0
12_3,2018/12/19 4:02,0
12_3,2018/12/19 4:05,0
12_3,2018/12/19 4:00,0
12_3,2018/12/19 4:03,0
12_3,2018/12/19 4:14,0
12_3,2018/12/19 4:10,0
12_3,2018/12/19 4:14,0
12_3,2018/12/19 4:08,0
12_3,2018/12/19 4:11,0
12_3,2018/12/19 4:09,0
12_3,2018/12/19 4:12,0
12_3,2018/12/19 4:16,0
12_3,2018/12/19 4:07,0
12_3,2018/12/19 4:04,0
12_3,2018/12/19 4:06,0
12_3,2018/12/19 4:19,0
12_3,2018/12/19 4:16,0
12_3,2018/12/19 4:32,0
12_3,2018/12/19 4:20,0
12_3,2018/12/19 4:17,0
12_3,2018/12/19 4:38,0
12_3,2018/12/19 4:39,0
12_3,2018/12/19 4:27,0
12_3,2018/12/19 4:40,0
12_3,2018/12/19 4:24,0
12_3,2018/12/19 4:25,0
12_3,2018/12/19 4:23,0
12_3,2018/12/19 4:26,0
12_3,2018/12/19 4:29,0
12_3,2018/12/19 4:28,0
12_3,2018/12/19 4:22,0
12_3,2018/12/19 4:31,0
12_3,2018/12/19 4:37,0
12_3,2018/12/19 4:35,0
12_3,2018/12/19 4:21,0
12_3,2018/12/19 4:35,0
12_3,2018/12/19 4:30,0
12_3,2018/12/19 4:33,0
12_3,2018/12/19 4:42,0
12_3,2018/12/19 4:52,0
12_3,2018/12/19 4:43,0
12_3,2018/12/19 4:54,0
12_3,2018/12/19 4:51,0
12_3,2018/12/19 4:53,0
12_3,2018/12/19 4:55,0
12_3,2018/12/19 4:48,0
12_3,2018/12/19 4:46,0
12_3,2018/12/19 4:49,0
12_3,2018/12/19 4:47,0
12_3,2018/12/19 4:45,0
12_3,2018/12/19 4:50,0
12_3,2018/12/19 4:44,0
12_3,2018/12/19 4:45,0
12_3,2018/12/19 4:41,0
12_3,2018/12/19 5:01,0
12_3,2018/12/19 5:02,0
12_3,2018/12/19 4:57,0
12_3,2018/12/19 4:59,0
12_3,2018/12/19 4:58,0
12_3,2018/12/19 5:00,0
12_3,2018/12/19 5:22,0
12_3,2018/12/19 5:23,0
12_3,2018/12/19 5:24,0
12_3,2018/12/19 5:21,0
12_3,2018/12/19 5:05,0
12_3,2018/12/19 5:03,0
12_3,2018/12/19 5:18,0
12_3,2018/12/19 5:03,0
12_3,2018/12/19 5:20,0
12_3,2018/12/19 5:07,0
12_3,2018/12/19 5:04,0
12_3,2018/12/19 5:19,0
12_3,2018/12/19 5:13,0
12_3,2018/12/19 5:16,0
12_3,2018/12/19 5:15,0
12_3,2018/12/19 5:17,0
12_3,2018/12/19 5:12,0
12_3,2018/12/19 5:14,0
12_3,2018/12/19 5:08,0
12_3,2018/12/19 5:10,0
12_3,2018/12/19 5:09,0
12_3,2018/12/19 5:11,0
12_3,2018/12/19 5:34,0
12_3,2018/12/19 5:35,0
12_3,2018/12/19 5:36,0
12_3,2018/12/19 5:29,0
12_3,2018/12/19 5:38,0
12_3,2018/12/19 5:34,0
12_3,2018/12/19 5:39,0
12_3,2018/12/19 5:46,0
12_3,2018/12/19 5:44,0
12_3,2018/12/19 5:42,0
12_3,2018/12/19 5:45,0
12_3,2018/12/19 5:43,0
12_3,2018/12/19 5:31,0
12_3,2018/12/19 5:39,0
12_3,2018/12/19 5:41,0
12_3,2018/12/19 5:32,0
12_3,2018/12/19 5:33,0
12_3,2018/12/19 5:40,0
12_3,2018/12/19 5:28,0
12_3,2018/12/19 5:25,0
12_3,2018/12/19 5:26,0
12_3,2018/12/19 5:27,0
12_3,2018/12/19 5:30,0
12_3,2018/12/19 5:52,0
12_3,2018/12/19 5:59,0
12_3,2018/12/19 5:48,0
12_3,2018/12/19 5:57,0
12_3,2018/12/19 5:51,0
12_3,2018/12/19 5:58,0
12_3,2018/12/19 5:49,0
12_3,2018/12/19 6:01,0
12_3,2018/12/19 5:48,0
12_3,2018/12/19 6:01,0
12_3,2018/12/19 6:02,0
12_3,2018/12/19 5:55,0
12_3,2018/12/19 5:53,0
12_3,2018/12/19 5:56,0
12_3,2018/12/19 5:54,0
12_3,2018/12/19 5:54,0
12_3,2018/12/19 5:47,0
12_3,2018/12/19 6:06,0
12_3,2018/12/19 6:04,0
12_3,2018/12/19 6:07,0
12_3,2018/12/19 6:05,0
12_3,2018/12/19 6:05,0
12_3,2018/12/19 6:24,0
12_3,2018/12/19 6:25,0
12_3,2018/12/19 6:22,0
12_3,2018/12/19 6:14,0
12_3,2018/12/19 6:12,0
12_3,2018/12/19 6:23,0
12_3,2018/12/19 6:13,0
12_3,2018/12/19 6:11,0
12_3,2018/12/19 6:29,0
12_3,2018/12/19 6:27,0
12_3,2018/12/19 6:26,0
12_3,2018/12/19 6:28,0
12_3,2018/12/19 6:09,0
12_3,2018/12/19 6:29,0
12_3,2018/12/19 6:08,0
12_3,2018/12/19 6:18,0
12_3,2018/12/19 6:16,0
12_3,2018/12/19 6:20,0
12_3,2018/12/19 6:17,0
12_3,2018/12/19 6:15,0
12_3,2018/12/19 6:21,0
12_3,2018/12/19 6:18,0
12_3,2018/12/19 6:31,0
12_3,2018/12/19 6:42,0
12_3,2018/12/19 6:37,0
12_3,2018/12/19 6:43,0
12_3,2018/12/19 6:41,0
12_3,2018/12/19 6:45,0
12_3,2018/12/19 6:32,0
12_3,2018/12/19 6:34,0
12_3,2018/12/19 6:35,0
12_3,2018/12/19 6:38,0
12_3,2018/12/19 6:33,0
12_3,2018/12/19 6:36,0
12_3,2018/12/19 6:31,0
12_3,2018/12/19 6:50,0
12_3,2018/12/19 6:51,0
12_3,2018/12/19 6:44,0
12_3,2018/12/19 6:46,0
12_3,2018/12/19 6:47,0
12_3,2018/12/19 6:40,0
12_3,2018/12/19 6:39,0
12_3,2018/12/19 6:48,0
12_3,2018/12/19 6:48,0
12_3,2018/12/19 7:03,0
12_3,2018/12/19 7:02,0
12_3,2018/12/19 7:04,0
12_3,2018/12/19 7:11,0
12_3,2018/12/19 7:00,0
12_3,2018/12/19 7:08,0
12_3,2018/12/19 7:12,0
12_3,2018/12/19 7:05,0
12_3,2018/12/19 7:09,0
12_3,2018/12/19 6:59,0
12_3,2018/12/19 7:07,0
12_3,2018/12/19 7:10,0
12_3,2018/12/19 6:58,0
12_3,2018/12/19 7:06,0
12_3,2018/12/19 7:01,0
12_3,2018/12/19 6:55,0
12_3,2018/12/19 6:54,0
12_3,2018/12/19 6:56,0
12_3,2018/12/19 6:53,0
12_3,2018/12/19 6:56,0
12_3,2018/12/19 6:52,0
12_3,2018/12/19 6:57,0
12_3,2018/12/19 7:15,0
12_3,2018/12/19 7:16,0
12_3,2018/12/19 7:31,0
12_3,2018/12/19 7:29,0
12_3,2018/12/19 7:34,0
12_3,2018/12/19 7:30,0
12_3,2018/12/19 7:17,0
12_3,2018/12/19 7:28,0
12_3,2018/12/19 7:32,0
12_3,2018/12/19 7:33,0
12_3,2018/12/19 7:27,0
12_3,2018/12/19 7:23,0
12_3,2018/12/19 7:18,0
12_3,2018/12/19 7:24,0
12_3,2018/12/19 7:21,0
12_3,2018/12/19 7:19,0
12_3,2018/12/19 7:14,0
12_3,2018/12/19 7:22,0
12_3,2018/12/19 7:25,0
12_3,2018/12/19 7:14,0
12_3,2018/12/19 7:25,0
12_3,2018/12/19 7:26,0
12_3,2018/12/19 7:13,0
12_3,2018/12/19 7:54,0
12_3,2018/12/19 7:53,0
12_3,2018/12/19 7:55,0
12_3,2018/12/19 7:54,0
12_3,2018/12/19 7:40,0
12_3,2018/12/19 7:41,0
12_3,2018/12/19 7:52,0
12_3,2018/12/19 7:50,0
12_3,2018/12/19 7:51,0
12_3,2018/12/19 7:48,0
12_3,2018/12/19 7:39,0
12_3,2018/12/19 7:37,0
12_3,2018/12/19 7:38,0
12_3,2018/12/19 7:46,0
12_3,2018/12/19 7:45,0
12_3,2018/12/19 7:43,0
12_3,2018/12/19 7:48,0
12_3,2018/12/19 7:44,0
12_3,2018/12/19 7:47,0
12_3,2018/12/19 7:36,0
12_3,2018/12/19 7:42,0
12_3,2018/12/19 7:35,0
12_3,2018/12/19 8:15,0
12_3,2018/12/19 8:17,0
12_3,2018/12/19 8:16,0
12_3,2018/12/19 8:14,0
12_3,2018/12/19 8:13,0
12_3,2018/12/19 8:03,0
12_3,2018/12/19 8:04,0
12_3,2018/12/19 8:11,0
12_3,2018/12/19 8:08,0
12_3,2018/12/19 8:02,0
12_3,2018/12/19 8:12,0
12_3,2018/12/19 8:05,0
12_3,2018/12/19 8:06,0
12_3,2018/12/19 8:12,0
12_3,2018/12/19 8:09,0
12_3,2018/12/19 8:07,0
12_3,2018/12/19 7:57,0
12_3,2018/12/19 7:57,0
12_3,2018/12/19 8:00,0
12_3,2018/12/19 8:00,0
12_3,2018/12/19 7:58,0
12_3,2018/12/19 8:10,0
12_3,2018/12/19 8:28,0
12_3,2018/12/19 8:19,0
12_3,2018/12/19 8:33,0
12_3,2018/12/19 8:37,0
12_3,2018/12/19 8:39,0
12_3,2018/12/19 8:36,0
12_3,2018/12/19 8:34,0
12_3,2018/12/19 8:38,0
12_3,2018/12/19 8:30,0
12_3,2018/12/19 8:31,0
12_3,2018/12/19 8:35,0
12_3,2018/12/19 8:32,0
12_3,2018/12/19 8:20,0
12_3,2018/12/19 8:22,0
12_3,2018/12/19 8:23,0
12_3,2018/12/19 8:24,0
12_3,2018/12/19 8:29,0
12_3,2018/12/19 8:21,0
12_3,2018/12/19 8:26,0
12_3,2018/12/19 8:25,0
12_3,2018/12/19 8:27,0
12_3,2018/12/19 8:18,0
12_3,2018/12/19 8:40,0
12_3,2018/12/19 8:44,0
12_3,2018/12/19 8:46,0
12_3,2018/12/19 8:42,0
12_3,2018/12/19 8:56,0
12_3,2018/12/19 8:43,0
12_3,2018/12/19 8:45,0.942908
12_3,2018/12/19 8:53,0
12_3,2018/12/19 8:57,0
12_3,2018/12/19 8:55,0.801735
12_3,2018/12/19 8:54,0
12_3,2018/12/19 8:52,0
12_3,2018/12/19 8:50,0
12_3,2018/12/19 8:49,0
12_3,2018/12/19 8:47,0
12_3,2018/12/19 8:48,0
12_3,2018/12/19 8:46,0
12_3,2018/12/19 9:04,0
12_3,2018/12/19 9:02,0
12_3,2018/12/19 9:03,0
12_3,2018/12/19 9:01,0
12_3,2018/12/19 9:00,0
12_3,2018/12/19 9:08,0.943052
12_3,2018/12/19 9:09,0
12_3,2018/12/19 9:11,0.929007
12_3,2018/12/19 9:13,0
12_3,2018/12/19 8:58,0.942491
12_3,2018/12/19 9:13,0
12_3,2018/12/19 9:07,0.942555
12_3,2018/12/19 9:06,0
12_3,2018/12/19 8:59,0.95667
12_3,2018/12/19 9:10,0.942792
12_3,2018/12/19 9:14,0
12_3,2018/12/19 9:05,0.942448
12_3,2018/12/19 9:30,0
12_3,2018/12/19 9:29,0
12_3,2018/12/19 9:33,0.942899
12_3,2018/12/19 9:28,0
12_3,2018/12/19 9:34,0
12_3,2018/12/19 9:27,0
12_3,2018/12/19 9:31,0.942645
12_3,2018/12/19 9:35,1.91361
12_3,2018/12/19 9:32,1.885276
12_3,2018/12/19 9:26,0
12_3,2018/12/19 9:25,0
12_3,2018/12/19 9:20,0
12_3,2018/12/19 9:22,1.806052
12_3,2018/12/19 9:21,0
12_3,2018/12/19 9:24,0.942563
12_3,2018/12/19 9:23,0
12_3,2018/12/19 9:16,0.883361
12_3,2018/12/19 9:18,0.956877
12_3,2018/12/19 9:17,0
12_3,2018/12/19 9:19,0
12_3,2018/12/19 9:42,2.827316
12_3,2018/12/19 9:41,2.867739
12_3,2018/12/19 9:45,0.942895
12_3,2018/12/19 9:48,0
12_3,2018/12/19 9:46,0
12_3,2018/12/19 9:44,1.885248
12_3,2018/12/19 9:48,0
12_3,2018/12/19 9:50,0
12_3,2018/12/19 9:52,1.886032
12_3,2018/12/19 9:43,0.925349
12_3,2018/12/19 9:51,0
12_3,2018/12/19 9:40,1.885393
12_3,2018/12/19 9:36,0
12_3,2018/12/19 9:37,0.942441
12_3,2018/12/19 9:39,0.929658
12_3,2018/12/19 9:38,0.890166
12_3,2018/12/19 9:58,1.914397
12_3,2018/12/19 9:55,0
12_3,2018/12/19 10:00,0
12_3,2018/12/19 10:01,0
12_3,2018/12/19 10:06,0.94252
12_3,2018/12/19 10:07,0.942689
12_3,2018/12/19 9:59,0
12_3,2018/12/19 10:02,0
12_3,2018/12/19 10:05,0.9158
12_3,2018/12/19 9:56,0
12_3,2018/12/19 10:02,0
12_3,2018/12/19 9:57,0
12_3,2018/12/19 10:03,0.942719
12_3,2018/12/19 10:09,0
12_3,2018/12/19 9:53,0
12_3,2018/12/19 9:54,2.67027
12_3,2018/12/19 10:10,0
12_3,2018/12/19 10:08,0
12_3,2018/12/19 10:21,0.915569
12_3,2018/12/19 10:25,0
12_3,2018/12/19 10:27,0.941033
12_3,2018/12/19 10:19,0
12_3,2018/12/19 10:18,0
12_3,2018/12/19 10:13,0
12_3,2018/12/19 10:17,0
12_3,2018/12/19 10:20,0
12_3,2018/12/19 10:22,1.913258
12_3,2018/12/19 10:23,0.956833
12_3,2018/12/19 10:24,5.573074
12_3,2018/12/19 10:16,2.870178
12_3,2018/12/19 10:16,2.870178
12_3,2018/12/19 10:14,0
12_3,2018/12/19 10:11,0
12_3,2018/12/19 10:13,0
12_3,2018/12/19 10:12,0.942532
12_3,2018/12/19 10:35,0.942647
12_3,2018/12/19 10:29,0.942986
12_3,2018/12/19 10:34,0.942736
12_3,2018/12/19 10:33,1.913431
12_3,2018/12/19 10:31,0
12_3,2018/12/19 10:28,0
12_3,2018/12/19 10:32,0
12_3,2018/12/19 10:30,0
12_3,2018/12/19 10:38,0.942877
12_3,2018/12/19 10:36,0
12_3,2018/12/19 10:37,0.890011
12_3,2018/12/19 10:39,0
12_3,2018/12/19 10:44,0.943224
12_3,2018/12/19 10:41,0.956647
12_3,2018/12/19 10:42,1.846862
12_3,2018/12/19 10:55,0
12_3,2018/12/19 10:56,0
12_3,2018/12/19 10:54,0
12_3,2018/12/19 10:51,0.942943
12_3,2018/12/19 10:45,0.957148
12_3,2018/12/19 10:53,0
12_3,2018/12/19 10:52,0.956969
12_3,2018/12/19 10:47,0
12_3,2018/12/19 10:48,0.929073
12_3,2018/12/19 10:49,0.928966
12_3,2018/12/19 10:59,0
12_3,2018/12/19 10:46,0
12_3,2018/12/19 10:40,0.942842
12_3,2018/12/19 10:57,0
12_3,2018/12/19 10:43,0.942684
12_3,2018/12/19 10:50,0
12_3,2018/12/19 11:10,3.826009
12_3,2018/12/19 11:07,2.869812
12_3,2018/12/19 11:11,0
12_3,2018/12/19 11:15,0
12_3,2018/12/19 11:13,0
12_3,2018/12/19 11:06,0.942899
12_3,2018/12/19 11:14,0
12_3,2018/12/19 11:08,1.88551
12_3,2018/12/19 11:05,0.95703
12_3,2018/12/19 11:03,0
12_3,2018/12/19 11:01,2.828492
12_3,2018/12/19 11:12,2.870756
12_3,2018/12/19 11:04,0
12_3,2018/12/19 11:00,0
12_3,2018/12/19 11:02,0
12_3,2018/12/19 11:28,0
12_3,2018/12/19 11:24,0
12_3,2018/12/19 11:27,0.941819
12_3,2018/12/19 11:19,0.956537
12_3,2018/12/19 11:23,0
12_3,2018/12/19 11:17,0
12_3,2018/12/19 11:16,0.942876
12_3,2018/12/19 11:18,0.942708
12_3,2018/12/19 11:21,1.885894
12_3,2018/12/19 11:34,0
12_3,2018/12/19 11:25,0
12_3,2018/12/19 11:32,0
12_3,2018/12/19 11:20,0.674748
12_3,2018/12/19 11:30,0.926759
12_3,2018/12/19 11:31,0.956757
12_3,2018/12/19 11:26,0
12_3,2018/12/19 11:29,1.886136
12_3,2018/12/19 11:37,0
12_3,2018/12/19 11:42,0
12_3,2018/12/19 11:39,0
12_3,2018/12/19 11:36,0
12_3,2018/12/19 11:38,0
12_3,2018/12/19 11:40,0
12_3,2018/12/19 11:41,0
12_3,2018/12/19 11:52,1.913489
12_3,2018/12/19 11:50,0
12_3,2018/12/19 11:53,1.913924
12_3,2018/12/19 11:48,0
12_3,2018/12/19 11:43,0.915662
12_3,2018/12/19 11:54,2.796987
12_3,2018/12/19 11:46,0
12_3,2018/12/19 11:44,0
12_3,2018/12/19 11:47,0
12_3,2018/12/19 11:45,0
12_3,2018/12/19 11:35,1.914032
12_3,2018/12/19 12:00,0.942866
12_3,2018/12/19 12:05,0.956536
12_3,2018/12/19 12:02,0
12_3,2018/12/19 12:04,0
12_3,2018/12/19 12:07,0.942634
12_3,2018/12/19 12:06,0
12_3,2018/12/19 12:01,0
12_3,2018/12/19 12:03,0.942595
12_3,2018/12/19 11:56,0
12_3,2018/12/19 11:59,0.942666
12_3,2018/12/19 11:55,0.943035
12_3,2018/12/19 11:58,0.942521
12_3,2018/12/19 12:18,0
12_3,2018/12/19 12:17,0
12_3,2018/12/19 12:12,0
12_3,2018/12/19 12:10,0
12_3,2018/12/19 12:25,0.94327
12_3,2018/12/19 12:26,0
12_3,2018/12/19 12:13,0
12_3,2018/12/19 12:24,0
12_3,2018/12/19 12:11,0
12_3,2018/12/19 12:08,0
12_3,2018/12/19 12:16,0
12_3,2018/12/19 12:21,0
12_3,2018/12/19 12:14,0.956564
12_3,2018/12/19 12:19,0
12_3,2018/12/19 12:20,0
12_3,2018/12/19 12:23,0
12_3,2018/12/19 12:15,0.943297
12_3,2018/12/19 12:22,0
12_3,2018/12/19 12:43,0
12_3,2018/12/19 12:41,0
12_3,2018/12/19 12:42,0
12_3,2018/12/19 12:44,0.929816
12_3,2018/12/19 12:30,0
12_3,2018/12/19 12:36,0
12_3,2018/12/19 12:37,0
12_3,2018/12/19 12:38,0
12_3,2018/12/19 12:34,0
12_3,2018/12/19 12:29,0
12_3,2018/12/19 12:39,0
12_3,2018/12/19 12:35,0
12_3,2018/12/19 12:40,0
12_3,2018/12/19 12:31,0.942763
12_3,2018/12/19 12:33,0
12_3,2018/12/19 12:32,0
12_3,2018/12/19 12:27,0
12_3,2018/12/19 12:28,0
12_3,2018/12/19 12:58,0
12_3,2018/12/19 13:01,0
12_3,2018/12/19 13:04,0.943081
12_3,2018/12/19 13:02,0
12_3,2018/12/19 13:03,0
12_3,2018/12/19 12:59,0
12_3,2018/12/19 13:00,0
12_3,2018/12/19 12:54,0
12_3,2018/12/19 12:55,0
12_3,2018/12/19 12:57,0
12_3,2018/12/19 12:49,0
12_3,2018/12/19 12:50,0
12_3,2018/12/19 12:48,0
12_3,2018/12/19 12:51,0
12_3,2018/12/19 12:45,0
12_3,2018/12/19 12:52,0
12_3,2018/12/19 12:46,0
12_3,2018/12/19 12:47,0
12_3,2018/12/19 12:53,0.9441
12_3,2018/12/19 13:10,0
12_3,2018/12/19 13:08,0
12_3,2018/12/19 13:09,0
12_3,2018/12/19 13:08,0
12_3,2018/12/19 13:11,0
12_3,2018/12/19 13:22,0
12_3,2018/12/19 13:18,0
12_3,2018/12/19 13:19,2.872148
12_3,2018/12/19 13:21,0
12_3,2018/12/19 13:20,0
12_3,2018/12/19 13:06,0
12_3,2018/12/19 13:13,0
12_3,2018/12/19 13:14,0
12_3,2018/12/19 13:23,0
12_3,2018/12/19 13:05,0
12_3,2018/12/19 13:13,0
12_3,2018/12/19 13:24,0.942246
12_3,2018/12/19 13:17,0
12_3,2018/12/19 13:16,0
12_3,2018/12/19 13:18,0
12_3,2018/12/19 13:32,0
12_3,2018/12/19 13:33,0
12_3,2018/12/19 13:28,0
12_3,2018/12/19 13:31,0
12_3,2018/12/19 13:26,0.942854
12_3,2018/12/19 13:30,0
12_3,2018/12/19 13:27,0
12_3,2018/12/19 13:29,0.956149
12_3,2018/12/19 13:25,2.868416
12_3,2018/12/19 13:45,0
12_3,2018/12/19 13:43,0
12_3,2018/12/19 13:38,0
12_3,2018/12/19 13:42,0
12_3,2018/12/19 13:40,0.956879
12_3,2018/12/19 13:44,0
12_3,2018/12/19 13:41,0
12_3,2018/12/19 13:39,0
12_3,2018/12/19 13:48,3.770701
12_3,2018/12/19 13:47,0.956483
12_3,2018/12/19 13:35,0
12_3,2018/12/19 13:37,0
12_3,2018/12/19 13:50,2.826717
12_3,2018/12/19 13:46,0
12_3,2018/12/19 13:34,0.942745
12_3,2018/12/19 13:49,0.942468
12_3,2018/12/19 13:36,0
12_3,2018/12/19 14:09,0.956723
12_3,2018/12/19 13:52,0.928434
12_3,2018/12/19 13:58,0
12_3,2018/12/19 14:05,0.942541
12_3,2018/12/19 14:08,0.929116
12_3,2018/12/19 14:07,0
12_3,2018/12/19 14:04,0
12_3,2018/12/19 14:03,0.958289
12_3,2018/12/19 14:10,0.941726
12_3,2018/12/19 13:53,0
12_3,2018/12/19 14:02,0
12_3,2018/12/19 13:55,0.915609
12_3,2018/12/19 14:01,1.885951
12_3,2018/12/19 13:57,0.942643
12_3,2018/12/19 14:00,1.885779
12_3,2018/12/19 13:59,0.956475
12_3,2018/12/19 13:54,1.91289
12_3,2018/12/19 13:51,1.885215
12_3,2018/12/19 14:17,0
12_3,2018/12/19 14:13,0
12_3,2018/12/19 14:22,0.956769
12_3,2018/12/19 14:26,0
12_3,2018/12/19 14:19,0.956527
12_3,2018/12/19 14:29,0
12_3,2018/12/19 14:21,0.942825
12_3,2018/12/19 14:25,0
12_3,2018/12/19 14:18,0.942799
12_3,2018/12/19 14:16,0
12_3,2018/12/19 14:24,0
12_3,2018/12/19 14:23,1.886822
12_3,2018/12/19 14:27,0
12_3,2018/12/19 14:20,0.942513
12_3,2018/12/19 14:11,0.91586
12_3,2018/12/19 14:12,2.869774
12_3,2018/12/19 14:14,0.942842
12_3,2018/12/19 14:41,0
12_3,2018/12/19 14:36,1.886089
12_3,2018/12/19 14:35,0.956804
12_3,2018/12/19 14:33,1.88489
12_3,2018/12/19 14:37,0.941882
12_3,2018/12/19 14:31,0
12_3,2018/12/19 14:38,0.957382
12_3,2018/12/19 14:30,0
12_3,2018/12/19 14:34,4.783584
12_3,2018/12/19 14:32,2.63387
12_3,2018/12/19 14:43,0.942719
12_3,2018/12/19 14:47,1.913563
12_3,2018/12/19 14:44,0.942784
12_3,2018/12/19 14:46,0.943169
12_3,2018/12/19 14:45,3.828586
12_3,2018/12/19 14:42,2.869893
12_3,2018/12/19 14:39,0
12_3,2018/12/19 14:51,0
12_3,2018/12/19 14:52,1.886583
12_3,2018/12/19 14:48,1.806847
12_3,2018/12/19 14:50,0
12_3,2018/12/19 14:54,1.911986
12_3,2018/12/19 14:57,0
12_3,2018/12/19 14:56,2.831825
12_3,2018/12/19 14:55,0
12_3,2018/12/19 14:49,0
12_3,2018/12/19 15:12,3.771981
12_3,2018/12/19 14:59,0.943222
12_3,2018/12/19 15:15,1.885764
12_3,2018/12/19 15:11,0.95637
12_3,2018/12/19 15:04,0
12_3,2018/12/19 15:00,0.942883
12_3,2018/12/19 15:14,0.943026
12_3,2018/12/19 14:58,0.956576
12_3,2018/12/19 15:13,2.828221
12_3,2018/12/19 15:03,0
12_3,2018/12/19 15:02,1.885851
12_3,2018/12/19 15:05,0
12_3,2018/12/19 15:09,1.885001
12_3,2018/12/19 15:10,0.944761
12_3,2018/12/19 15:07,0.942693
12_3,2018/12/19 15:08,0
12_3,2018/12/19 15:01,2.871304
12_3,2018/12/19 15:34,1.85804
12_3,2018/12/19 15:32,2.830232
12_3,2018/12/19 15:35,1.913914
12_3,2018/12/19 15:33,1.913259
12_3,2018/12/19 15:31,1.874377
12_3,2018/12/19 15:26,0
12_3,2018/12/19 15:22,0.956493
12_3,2018/12/19 15:25,0.942466
12_3,2018/12/19 15:28,0.942971
12_3,2018/12/19 15:23,1.913736
12_3,2018/12/19 15:27,2.82799
12_3,2018/12/19 15:29,0
12_3,2018/12/19 15:20,3.494024
12_3,2018/12/19 15:30,1.88529
12_3,2018/12/19 15:24,0
12_3,2018/12/19 15:16,2.868036
12_3,2018/12/19 15:18,0.942965
12_3,2018/12/19 15:17,0
12_3,2018/12/19 15:19,0.956795
12_3,2018/12/19 15:52,0
12_3,2018/12/19 15:49,0
12_3,2018/12/19 15:51,0
12_3,2018/12/19 15:50,0
12_3,2018/12/19 15:37,0.9425
12_3,2018/12/19 15:36,0.957055
12_3,2018/12/19 15:39,0.956652
12_3,2018/12/19 15:47,0
12_3,2018/12/19 15:45,2.87004
12_3,2018/12/19 15:40,0.956974
12_3,2018/12/19 15:38,0.956464
12_3,2018/12/19 15:44,2.828227
12_3,2018/12/19 15:46,0
12_3,2018/12/19 15:48,0.941179
12_3,2018/12/19 15:41,0.942642
12_3,2018/12/19 15:43,0.942828
12_3,2018/12/19 15:42,0.915272
12_3,2018/12/19 15:59,0
12_3,2018/12/19 15:55,0
12_3,2018/12/19 15:58,0.916253
12_3,2018/12/19 16:05,0
12_3,2018/12/19 15:54,0
12_3,2018/12/19 15:57,0
12_3,2018/12/19 15:53,0
12_3,2018/12/19 16:03,0.942113
12_3,2018/12/19 16:02,0.929246
12_3,2018/12/19 15:56,0
12_3,2018/12/19 16:07,0
12_3,2018/12/19 16:04,0
12_3,2018/12/19 16:08,0.942145
12_3,2018/12/19 16:01,0
12_3,2018/12/19 16:06,0.956735
12_3,2018/12/19 16:00,0
12_3,2018/12/19 16:12,0
12_3,2018/12/19 16:10,0.956547
12_3,2018/12/19 16:10,0.956547
12_3,2018/12/19 16:13,0.94277
